
  .   ____          _            __ _ _
 /\\ / ___'_ __ _ _(_)_ __  __ _ \ \ \ \
( ( )\___ | '_ | '_| | '_ \/ _` | \ \ \ \
 \\/  ___)| |_)| | | | | || (_| |  ) ) ) )
  '  |____| .__|_| |_|_| |_\__, | / / / /
 =========|_|==============|___/=/_/_/_/
 :: Spring Boot ::               (v2.7.18)

2026-09-12 13:04:29.091  INFO 25700 --- [           main] com.zing.doctor.ZingDoctorApplication    : Starting ZingDoctorApplication v1.0.0 using Java 1.8.0_144 on SunshineBoy with PID 25700 (C:\Users\LDY\Doubao\chats\2026-09-04\new-chat\zing-doctor\target\zing-doctor.jar started by LDY in C:\Users\LDY\Doubao\chats\2026-09-04\new-chat\zing-doctor)
2026-09-12 13:04:29.108  INFO 25700 --- [           main] com.zing.doctor.ZingDoctorApplication    : No active profile set, falling back to 1 default profile: "default"
2026-09-12 13:04:36.181  INFO 25700 --- [           main] o.s.b.w.embedded.tomcat.TomcatWebServer  : Tomcat initialized with port(s): 8081 (http)
2026-09-12 13:04:36.229  INFO 25700 --- [           main] o.apache.catalina.core.StandardService   : Starting service [Tomcat]
2026-09-12 13:04:36.231  INFO 25700 --- [           main] org.apache.catalina.core.StandardEngine  : Starting Servlet engine: [Apache Tomcat/9.0.83]
2026-09-12 13:04:36.635  INFO 25700 --- [           main] o.a.c.c.C.[Tomcat].[localhost].[/]       : Initializing Spring embedded WebApplicationContext
2026-09-12 13:04:36.636  INFO 25700 --- [           main] w.s.c.ServletWebServerApplicationContext : Root WebApplicationContext: initialization completed in 7303 ms
2026-09-12 13:04:37.387  INFO 25700 --- [           main] c.b.d.d.DynamicRoutingDataSource         : dynamic-datasource - add a datasource named [doctor] success
2026-09-12 13:04:37.393  INFO 25700 --- [           main] c.b.d.d.DynamicRoutingDataSource         : dynamic-datasource - add a datasource named [icu] success
2026-09-12 13:04:37.395  INFO 25700 --- [           main] c.b.d.d.DynamicRoutingDataSource         : dynamic-datasource initial loaded [2] datasource,primary datasource named [doctor]
2026-09-12 13:04:42.676  INFO 25700 --- [           main] o.s.b.w.embedded.tomcat.TomcatWebServer  : Tomcat started on port(s): 8081 (http) with context path ''
2026-09-12 13:04:42.722  INFO 25700 --- [           main] com.zing.doctor.ZingDoctorApplication    : Started ZingDoctorApplication in 15.786 seconds (JVM running for 17.42)
2026-09-12 13:05:07.209  INFO 25700 --- [nio-8081-exec-1] o.a.c.c.C.[Tomcat].[localhost].[/]       : Initializing Spring DispatcherServlet 'dispatcherServlet'
2026-09-12 13:05:07.210  INFO 25700 --- [nio-8081-exec-1] o.s.web.servlet.DispatcherServlet        : Initializing Servlet 'dispatcherServlet'
2026-09-12 13:05:07.217  INFO 25700 --- [nio-8081-exec-1] o.s.web.servlet.DispatcherServlet        : Completed initialization in 4 ms
2026-09-12 13:05:08.150  INFO 25700 --- [nio-8081-exec-5] com.zaxxer.hikari.HikariDataSource       : doctor - Starting...
2026-09-12 13:05:16.260 ERROR 25700 --- [nio-8081-exec-5] com.zaxxer.hikari.pool.HikariPool        : doctor - Exception during pool initialization.

dm.jdbc.driver.DMException: 网络通信异常
	at dm.jdbc.driver.DBError.throwException(SourceFile:801) ~[DmJdbcDriver18-8.1.3.140.jar!/:na]
	at dm.jdbc.a.a.a(SourceFile:274) ~[DmJdbcDriver18-8.1.3.140.jar!/:na]
	at dm.jdbc.a.a.e(SourceFile:655) ~[DmJdbcDriver18-8.1.3.140.jar!/:na]
	at dm.jdbc.driver.DmdbConnection.openConnection(SourceFile:691) ~[DmJdbcDriver18-8.1.3.140.jar!/:na]
	at dm.jdbc.internal.conf.EP.connect(SourceFile:143) ~[DmJdbcDriver18-8.1.3.140.jar!/:na]
	at dm.jdbc.internal.conf.EPGroup$EPSelector.select(SourceFile:485) ~[DmJdbcDriver18-8.1.3.140.jar!/:na]
	at dm.jdbc.internal.conf.EPGroup.connect(SourceFile:329) ~[DmJdbcDriver18-8.1.3.140.jar!/:na]
	at dm.jdbc.driver.DmDriver.do_connect(SourceFile:164) ~[DmJdbcDriver18-8.1.3.140.jar!/:na]
	at dm.jdbc.driver.DmDriver.connect(SourceFile:450) ~[DmJdbcDriver18-8.1.3.140.jar!/:na]
	at com.zaxxer.hikari.util.DriverDataSource.getConnection(DriverDataSource.java:138) ~[HikariCP-4.0.3.jar!/:na]
	at com.zaxxer.hikari.pool.PoolBase.newConnection(PoolBase.java:364) ~[HikariCP-4.0.3.jar!/:na]
	at com.zaxxer.hikari.pool.PoolBase.newPoolEntry(PoolBase.java:206) ~[HikariCP-4.0.3.jar!/:na]
	at com.zaxxer.hikari.pool.HikariPool.createPoolEntry(HikariPool.java:476) [HikariCP-4.0.3.jar!/:na]
	at com.zaxxer.hikari.pool.HikariPool.checkFailFast(HikariPool.java:561) [HikariCP-4.0.3.jar!/:na]
	at com.zaxxer.hikari.pool.HikariPool.<init>(HikariPool.java:115) [HikariCP-4.0.3.jar!/:na]
	at com.zaxxer.hikari.HikariDataSource.getConnection(HikariDataSource.java:112) [HikariCP-4.0.3.jar!/:na]
	at com.baomidou.dynamic.datasource.ds.ItemDataSource.getConnection(ItemDataSource.java:56) [dynamic-datasource-spring-boot-starter-3.6.1.jar!/:3.6.1]
	at com.baomidou.dynamic.datasource.ds.AbstractRoutingDataSource.getConnection(AbstractRoutingDataSource.java:55) [dynamic-datasource-spring-boot-starter-3.6.1.jar!/:3.6.1]
	at org.springframework.jdbc.datasource.DataSourceUtils.fetchConnection(DataSourceUtils.java:160) [spring-jdbc-5.3.31.jar!/:5.3.31]
	at org.springframework.jdbc.datasource.DataSourceUtils.doGetConnection(DataSourceUtils.java:118) [spring-jdbc-5.3.31.jar!/:5.3.31]
	at org.springframework.jdbc.datasource.DataSourceUtils.getConnection(DataSourceUtils.java:81) [spring-jdbc-5.3.31.jar!/:5.3.31]
	at org.mybatis.spring.transaction.SpringManagedTransaction.openConnection(SpringManagedTransaction.java:80) [mybatis-spring-2.1.2.jar!/:2.1.2]
	at org.mybatis.spring.transaction.SpringManagedTransaction.getConnection(SpringManagedTransaction.java:67) [mybatis-spring-2.1.2.jar!/:2.1.2]
	at org.apache.ibatis.executor.BaseExecutor.getConnection(BaseExecutor.java:348) [mybatis-3.5.15.jar!/:3.5.15]
	at org.apache.ibatis.executor.SimpleExecutor.prepareStatement(SimpleExecutor.java:89) [mybatis-3.5.15.jar!/:3.5.15]
	at org.apache.ibatis.executor.SimpleExecutor.doQuery(SimpleExecutor.java:64) [mybatis-3.5.15.jar!/:3.5.15]
	at org.apache.ibatis.executor.BaseExecutor.queryFromDatabase(BaseExecutor.java:336) [mybatis-3.5.15.jar!/:3.5.15]
	at org.apache.ibatis.executor.BaseExecutor.query(BaseExecutor.java:158) [mybatis-3.5.15.jar!/:3.5.15]
	at org.apache.ibatis.executor.CachingExecutor.query(CachingExecutor.java:110) [mybatis-3.5.15.jar!/:3.5.15]
	at com.baomidou.mybatisplus.extension.plugins.MybatisPlusInterceptor.intercept(MybatisPlusInterceptor.java:81) [mybatis-plus-extension-3.5.5.jar!/:3.5.5]
	at org.apache.ibatis.plugin.Plugin.invoke(Plugin.java:59) [mybatis-3.5.15.jar!/:3.5.15]
	at com.sun.proxy.$Proxy105.query(Unknown Source) [na:na]
	at org.apache.ibatis.session.defaults.DefaultSqlSession.selectList(DefaultSqlSession.java:154) [mybatis-3.5.15.jar!/:3.5.15]
	at org.apache.ibatis.session.defaults.DefaultSqlSession.selectList(DefaultSqlSession.java:147) [mybatis-3.5.15.jar!/:3.5.15]
	at org.apache.ibatis.session.defaults.DefaultSqlSession.selectList(DefaultSqlSession.java:142) [mybatis-3.5.15.jar!/:3.5.15]
	at sun.reflect.NativeMethodAccessorImpl.invoke0(Native Method) ~[na:1.8.0_144]
	at sun.reflect.NativeMethodAccessorImpl.invoke(Unknown Source) ~[na:1.8.0_144]
	at sun.reflect.DelegatingMethodAccessorImpl.invoke(Unknown Source) ~[na:1.8.0_144]
	at java.lang.reflect.Method.invoke(Unknown Source) ~[na:1.8.0_144]
	at org.mybatis.spring.SqlSessionTemplate$SqlSessionInterceptor.invoke(SqlSessionTemplate.java:425) [mybatis-spring-2.1.2.jar!/:2.1.2]
	at com.sun.proxy.$Proxy69.selectList(Unknown Source) [na:na]
	at org.mybatis.spring.SqlSessionTemplate.selectList(SqlSessionTemplate.java:224) [mybatis-spring-2.1.2.jar!/:2.1.2]
	at com.baomidou.mybatisplus.core.override.MybatisMapperMethod.executeForMany(MybatisMapperMethod.java:164) [mybatis-plus-core-3.5.5.jar!/:3.5.5]
	at com.baomidou.mybatisplus.core.override.MybatisMapperMethod.execute(MybatisMapperMethod.java:77) [mybatis-plus-core-3.5.5.jar!/:3.5.5]
	at com.baomidou.mybatisplus.core.override.MybatisMapperProxy$PlainMethodInvoker.invoke(MybatisMapperProxy.java:152) [mybatis-plus-core-3.5.5.jar!/:3.5.5]
	at com.baomidou.mybatisplus.core.override.MybatisMapperProxy.invoke(MybatisMapperProxy.java:89) [mybatis-plus-core-3.5.5.jar!/:3.5.5]
	at com.sun.proxy.$Proxy95.selectList(Unknown Source) [na:na]
	at com.zing.doctor.module.sofa.service.impl.SofaServiceImpl.listConfig(SofaServiceImpl.java:1023) [classes!/:1.0.0]
	at com.zing.doctor.module.sofa.service.impl.SofaServiceImpl$$FastClassBySpringCGLIB$$55201874.invoke(<generated>) [classes!/:1.0.0]
	at org.springframework.cglib.proxy.MethodProxy.invoke(MethodProxy.java:218) [spring-core-5.3.31.jar!/:5.3.31]
	at org.springframework.aop.framework.CglibAopProxy.invokeMethod(CglibAopProxy.java:386) [spring-aop-5.3.31.jar!/:5.3.31]
	at org.springframework.aop.framework.CglibAopProxy.access$000(CglibAopProxy.java:85) [spring-aop-5.3.31.jar!/:5.3.31]
	at org.springframework.aop.framework.CglibAopProxy$DynamicAdvisedInterceptor.intercept(CglibAopProxy.java:703) [spring-aop-5.3.31.jar!/:5.3.31]
	at com.zing.doctor.module.sofa.service.impl.SofaServiceImpl$$EnhancerBySpringCGLIB$$8b2e5ffc.listConfig(<generated>) [classes!/:1.0.0]
	at com.zing.doctor.module.sofa.controller.SofaController.config(SofaController.java:130) [classes!/:1.0.0]
	at sun.reflect.NativeMethodAccessorImpl.invoke0(Native Method) ~[na:1.8.0_144]
	at sun.reflect.NativeMethodAccessorImpl.invoke(Unknown Source) ~[na:1.8.0_144]
	at sun.reflect.DelegatingMethodAccessorImpl.invoke(Unknown Source) ~[na:1.8.0_144]
	at java.lang.reflect.Method.invoke(Unknown Source) ~[na:1.8.0_144]
	at org.springframework.web.method.support.InvocableHandlerMethod.doInvoke(InvocableHandlerMethod.java:205) [spring-web-5.3.31.jar!/:5.3.31]
	at org.springframework.web.method.support.InvocableHandlerMethod.invokeForRequest(InvocableHandlerMethod.java:150) [spring-web-5.3.31.jar!/:5.3.31]
	at org.springframework.web.servlet.mvc.method.annotation.ServletInvocableHandlerMethod.invokeAndHandle(ServletInvocableHandlerMethod.java:117) [spring-webmvc-5.3.31.jar!/:5.3.31]
	at org.springframework.web.servlet.mvc.method.annotation.RequestMappingHandlerAdapter.invokeHandlerMethod(RequestMappingHandlerAdapter.java:895) [spring-webmvc-5.3.31.jar!/:5.3.31]
	at org.springframework.web.servlet.mvc.method.annotation.RequestMappingHandlerAdapter.handleInternal(RequestMappingHandlerAdapter.java:808) [spring-webmvc-5.3.31.jar!/:5.3.31]
	at org.springframework.web.servlet.mvc.method.AbstractHandlerMethodAdapter.handle(AbstractHandlerMethodAdapter.java:87) [spring-webmvc-5.3.31.jar!/:5.3.31]
	at org.springframework.web.servlet.DispatcherServlet.doDispatch(DispatcherServlet.java:1072) [spring-webmvc-5.3.31.jar!/:5.3.31]
	at org.springframework.web.servlet.DispatcherServlet.doService(DispatcherServlet.java:965) [spring-webmvc-5.3.31.jar!/:5.3.31]
	at org.springframework.web.servlet.FrameworkServlet.processRequest(FrameworkServlet.java:1006) [spring-webmvc-5.3.31.jar!/:5.3.31]
	at org.springframework.web.servlet.FrameworkServlet.doGet(FrameworkServlet.java:898) [spring-webmvc-5.3.31.jar!/:5.3.31]
	at javax.servlet.http.HttpServlet.service(HttpServlet.java:529) [tomcat-embed-core-9.0.83.jar!/:na]
	at org.springframework.web.servlet.FrameworkServlet.service(FrameworkServlet.java:883) [spring-webmvc-5.3.31.jar!/:5.3.31]
	at javax.servlet.http.HttpServlet.service(HttpServlet.java:623) [tomcat-embed-core-9.0.83.jar!/:na]
	at org.apache.catalina.core.ApplicationFilterChain.internalDoFilter(ApplicationFilterChain.java:209) [tomcat-embed-core-9.0.83.jar!/:na]
	at org.apache.catalina.core.ApplicationFilterChain.doFilter(ApplicationFilterChain.java:153) [tomcat-embed-core-9.0.83.jar!/:na]
	at org.apache.tomcat.websocket.server.WsFilter.doFilter(WsFilter.java:51) [tomcat-embed-websocket-9.0.83.jar!/:na]
	at org.apache.catalina.core.ApplicationFilterChain.internalDoFilter(ApplicationFilterChain.java:178) [tomcat-embed-core-9.0.83.jar!/:na]
	at org.apache.catalina.core.ApplicationFilterChain.doFilter(ApplicationFilterChain.java:153) [tomcat-embed-core-9.0.83.jar!/:na]
	at org.springframework.web.filter.RequestContextFilter.doFilterInternal(RequestContextFilter.java:100) [spring-web-5.3.31.jar!/:5.3.31]
	at org.springframework.web.filter.OncePerRequestFilter.doFilter(OncePerRequestFilter.java:117) [spring-web-5.3.31.jar!/:5.3.31]
	at org.apache.catalina.core.ApplicationFilterChain.internalDoFilter(ApplicationFilterChain.java:178) [tomcat-embed-core-9.0.83.jar!/:na]
	at org.apache.catalina.core.ApplicationFilterChain.doFilter(ApplicationFilterChain.java:153) [tomcat-embed-core-9.0.83.jar!/:na]
	at org.springframework.web.filter.FormContentFilter.doFilterInternal(FormContentFilter.java:93) [spring-web-5.3.31.jar!/:5.3.31]
	at org.springframework.web.filter.OncePerRequestFilter.doFilter(OncePerRequestFilter.java:117) [spring-web-5.3.31.jar!/:5.3.31]
	at org.apache.catalina.core.ApplicationFilterChain.internalDoFilter(ApplicationFilterChain.java:178) [tomcat-embed-core-9.0.83.jar!/:na]
	at org.apache.catalina.core.ApplicationFilterChain.doFilter(ApplicationFilterChain.java:153) [tomcat-embed-core-9.0.83.jar!/:na]
	at org.springframework.web.filter.CharacterEncodingFilter.doFilterInternal(CharacterEncodingFilter.java:201) [spring-web-5.3.31.jar!/:5.3.31]
	at org.springframework.web.filter.OncePerRequestFilter.doFilter(OncePerRequestFilter.java:117) [spring-web-5.3.31.jar!/:5.3.31]
	at org.apache.catalina.core.ApplicationFilterChain.internalDoFilter(ApplicationFilterChain.java:178) [tomcat-embed-core-9.0.83.jar!/:na]
	at org.apache.catalina.core.ApplicationFilterChain.doFilter(ApplicationFilterChain.java:153) [tomcat-embed-core-9.0.83.jar!/:na]
	at org.apache.catalina.core.StandardWrapperValve.invoke(StandardWrapperValve.java:168) [tomcat-embed-core-9.0.83.jar!/:na]
	at org.apache.catalina.core.StandardContextValve.invoke(StandardContextValve.java:90) [tomcat-embed-core-9.0.83.jar!/:na]
	at org.apache.catalina.authenticator.AuthenticatorBase.invoke(AuthenticatorBase.java:481) [tomcat-embed-core-9.0.83.jar!/:na]
	at org.apache.catalina.core.StandardHostValve.invoke(StandardHostValve.java:130) [tomcat-embed-core-9.0.83.jar!/:na]
	at org.apache.catalina.valves.ErrorReportValve.invoke(ErrorReportValve.java:93) [tomcat-embed-core-9.0.83.jar!/:na]
	at org.apache.catalina.core.StandardEngineValve.invoke(StandardEngineValve.java:74) [tomcat-embed-core-9.0.83.jar!/:na]
	at org.apache.catalina.connector.CoyoteAdapter.service(CoyoteAdapter.java:342) [tomcat-embed-core-9.0.83.jar!/:na]
	at org.apache.coyote.http11.Http11Processor.service(Http11Processor.java:390) [tomcat-embed-core-9.0.83.jar!/:na]
	at org.apache.coyote.AbstractProcessorLight.process(AbstractProcessorLight.java:63) [tomcat-embed-core-9.0.83.jar!/:na]
	at org.apache.coyote.AbstractProtocol$ConnectionHandler.process(AbstractProtocol.java:928) [tomcat-embed-core-9.0.83.jar!/:na]
	at org.apache.tomcat.util.net.NioEndpoint$SocketProcessor.doRun(NioEndpoint.java:1794) [tomcat-embed-core-9.0.83.jar!/:na]
	at org.apache.tomcat.util.net.SocketProcessorBase.run(SocketProcessorBase.java:52) [tomcat-embed-core-9.0.83.jar!/:na]
	at org.apache.tomcat.util.threads.ThreadPoolExecutor.runWorker(ThreadPoolExecutor.java:1191) [tomcat-embed-core-9.0.83.jar!/:na]
	at org.apache.tomcat.util.threads.ThreadPoolExecutor$Worker.run(ThreadPoolExecutor.java:659) [tomcat-embed-core-9.0.83.jar!/:na]
	at org.apache.tomcat.util.threads.TaskThread$WrappingRunnable.run(TaskThread.java:61) [tomcat-embed-core-9.0.83.jar!/:na]
	at java.lang.Thread.run(Unknown Source) [na:1.8.0_144]
Caused by: java.net.SocketTimeoutException: Read timed out
	at java.net.SocketInputStream.socketRead0(Native Method) ~[na:1.8.0_144]
	at java.net.SocketInputStream.socketRead(Unknown Source) ~[na:1.8.0_144]
	at java.net.SocketInputStream.read(Unknown Source) ~[na:1.8.0_144]
	at java.net.SocketInputStream.read(Unknown Source) ~[na:1.8.0_144]
	at dm.jdbc.util.buffer.ByteArrayNode.load(SourceFile:129) ~[DmJdbcDriver18-8.1.3.140.jar!/:na]
	at dm.jdbc.util.buffer.Buffer.load(SourceFile:365) ~[DmJdbcDriver18-8.1.3.140.jar!/:na]
	at dm.jdbc.a.c.a(SourceFile:208) ~[DmJdbcDriver18-8.1.3.140.jar!/:na]
	at dm.jdbc.a.a.e(SourceFile:389) ~[DmJdbcDriver18-8.1.3.140.jar!/:na]
	at dm.jdbc.a.a.a(SourceFile:263) ~[DmJdbcDriver18-8.1.3.140.jar!/:na]
	... 103 common frames omitted

2026-09-12 13:05:16.278 ERROR 25700 --- [nio-8081-exec-5] c.z.d.m.sofa.controller.SofaController   : SOFA 配置查询失败: configType=null

org.mybatis.spring.MyBatisSystemException: nested exception is org.apache.ibatis.exceptions.PersistenceException: 
### Error querying database.  Cause: org.springframework.jdbc.CannotGetJdbcConnectionException: Failed to obtain JDBC Connection; nested exception is dm.jdbc.driver.DMException: 网络通信异常
### The error may exist in com/zing/doctor/module/sofa/mapper/SofaConfigMapper.java (best guess)
### The error may involve com.zing.doctor.module.sofa.mapper.SofaConfigMapper.selectList
### The error occurred while executing a query
### Cause: org.springframework.jdbc.CannotGetJdbcConnectionException: Failed to obtain JDBC Connection; nested exception is dm.jdbc.driver.DMException: 网络通信异常
	at org.mybatis.spring.MyBatisExceptionTranslator.translateExceptionIfPossible(MyBatisExceptionTranslator.java:97) ~[mybatis-spring-2.1.2.jar!/:2.1.2]
	at org.mybatis.spring.SqlSessionTemplate$SqlSessionInterceptor.invoke(SqlSessionTemplate.java:439) ~[mybatis-spring-2.1.2.jar!/:2.1.2]
	at com.sun.proxy.$Proxy69.selectList(Unknown Source) ~[na:na]
	at org.mybatis.spring.SqlSessionTemplate.selectList(SqlSessionTemplate.java:224) ~[mybatis-spring-2.1.2.jar!/:2.1.2]
	at com.baomidou.mybatisplus.core.override.MybatisMapperMethod.executeForMany(MybatisMapperMethod.java:164) ~[mybatis-plus-core-3.5.5.jar!/:3.5.5]
	at com.baomidou.mybatisplus.core.override.MybatisMapperMethod.execute(MybatisMapperMethod.java:77) ~[mybatis-plus-core-3.5.5.jar!/:3.5.5]
	at com.baomidou.mybatisplus.core.override.MybatisMapperProxy$PlainMethodInvoker.invoke(MybatisMapperProxy.java:152) ~[mybatis-plus-core-3.5.5.jar!/:3.5.5]
	at com.baomidou.mybatisplus.core.override.MybatisMapperProxy.invoke(MybatisMapperProxy.java:89) ~[mybatis-plus-core-3.5.5.jar!/:3.5.5]
	at com.sun.proxy.$Proxy95.selectList(Unknown Source) ~[na:na]
	at com.zing.doctor.module.sofa.service.impl.SofaServiceImpl.listConfig(SofaServiceImpl.java:1023) ~[classes!/:1.0.0]
	at com.zing.doctor.module.sofa.service.impl.SofaServiceImpl$$FastClassBySpringCGLIB$$55201874.invoke(<generated>) ~[classes!/:1.0.0]
	at org.springframework.cglib.proxy.MethodProxy.invoke(MethodProxy.java:218) ~[spring-core-5.3.31.jar!/:5.3.31]
	at org.springframework.aop.framework.CglibAopProxy.invokeMethod(CglibAopProxy.java:386) ~[spring-aop-5.3.31.jar!/:5.3.31]
	at org.springframework.aop.framework.CglibAopProxy.access$000(CglibAopProxy.java:85) ~[spring-aop-5.3.31.jar!/:5.3.31]
	at org.springframework.aop.framework.CglibAopProxy$DynamicAdvisedInterceptor.intercept(CglibAopProxy.java:703) ~[spring-aop-5.3.31.jar!/:5.3.31]
	at com.zing.doctor.module.sofa.service.impl.SofaServiceImpl$$EnhancerBySpringCGLIB$$8b2e5ffc.listConfig(<generated>) ~[classes!/:1.0.0]
	at com.zing.doctor.module.sofa.controller.SofaController.config(SofaController.java:130) ~[classes!/:1.0.0]
	at sun.reflect.NativeMethodAccessorImpl.invoke0(Native Method) ~[na:1.8.0_144]
	at sun.reflect.NativeMethodAccessorImpl.invoke(Unknown Source) ~[na:1.8.0_144]
	at sun.reflect.DelegatingMethodAccessorImpl.invoke(Unknown Source) ~[na:1.8.0_144]
	at java.lang.reflect.Method.invoke(Unknown Source) ~[na:1.8.0_144]
	at org.springframework.web.method.support.InvocableHandlerMethod.doInvoke(InvocableHandlerMethod.java:205) [spring-web-5.3.31.jar!/:5.3.31]
	at org.springframework.web.method.support.InvocableHandlerMethod.invokeForRequest(InvocableHandlerMethod.java:150) [spring-web-5.3.31.jar!/:5.3.31]
	at org.springframework.web.servlet.mvc.method.annotation.ServletInvocableHandlerMethod.invokeAndHandle(ServletInvocableHandlerMethod.java:117) [spring-webmvc-5.3.31.jar!/:5.3.31]
	at org.springframework.web.servlet.mvc.method.annotation.RequestMappingHandlerAdapter.invokeHandlerMethod(RequestMappingHandlerAdapter.java:895) [spring-webmvc-5.3.31.jar!/:5.3.31]
	at org.springframework.web.servlet.mvc.method.annotation.RequestMappingHandlerAdapter.handleInternal(RequestMappingHandlerAdapter.java:808) [spring-webmvc-5.3.31.jar!/:5.3.31]
	at org.springframework.web.servlet.mvc.method.AbstractHandlerMethodAdapter.handle(AbstractHandlerMethodAdapter.java:87) [spring-webmvc-5.3.31.jar!/:5.3.31]
	at org.springframework.web.servlet.DispatcherServlet.doDispatch(DispatcherServlet.java:1072) [spring-webmvc-5.3.31.jar!/:5.3.31]
	at org.springframework.web.servlet.DispatcherServlet.doService(DispatcherServlet.java:965) [spring-webmvc-5.3.31.jar!/:5.3.31]
	at org.springframework.web.servlet.FrameworkServlet.processRequest(FrameworkServlet.java:1006) [spring-webmvc-5.3.31.jar!/:5.3.31]
	at org.springframework.web.servlet.FrameworkServlet.doGet(FrameworkServlet.java:898) [spring-webmvc-5.3.31.jar!/:5.3.31]
	at javax.servlet.http.HttpServlet.service(HttpServlet.java:529) [tomcat-embed-core-9.0.83.jar!/:na]
	at org.springframework.web.servlet.FrameworkServlet.service(FrameworkServlet.java:883) [spring-webmvc-5.3.31.jar!/:5.3.31]
	at javax.servlet.http.HttpServlet.service(HttpServlet.java:623) [tomcat-embed-core-9.0.83.jar!/:na]
	at org.apache.catalina.core.ApplicationFilterChain.internalDoFilter(ApplicationFilterChain.java:209) [tomcat-embed-core-9.0.83.jar!/:na]
	at org.apache.catalina.core.ApplicationFilterChain.doFilter(ApplicationFilterChain.java:153) [tomcat-embed-core-9.0.83.jar!/:na]
	at org.apache.tomcat.websocket.server.WsFilter.doFilter(WsFilter.java:51) [tomcat-embed-websocket-9.0.83.jar!/:na]
	at org.apache.catalina.core.ApplicationFilterChain.internalDoFilter(ApplicationFilterChain.java:178) [tomcat-embed-core-9.0.83.jar!/:na]
	at org.apache.catalina.core.ApplicationFilterChain.doFilter(ApplicationFilterChain.java:153) [tomcat-embed-core-9.0.83.jar!/:na]
	at org.springframework.web.filter.RequestContextFilter.doFilterInternal(RequestContextFilter.java:100) [spring-web-5.3.31.jar!/:5.3.31]
	at org.springframework.web.filter.OncePerRequestFilter.doFilter(OncePerRequestFilter.java:117) [spring-web-5.3.31.jar!/:5.3.31]
	at org.apache.catalina.core.ApplicationFilterChain.internalDoFilter(ApplicationFilterChain.java:178) [tomcat-embed-core-9.0.83.jar!/:na]
	at org.apache.catalina.core.ApplicationFilterChain.doFilter(ApplicationFilterChain.java:153) [tomcat-embed-core-9.0.83.jar!/:na]
	at org.springframework.web.filter.FormContentFilter.doFilterInternal(FormContentFilter.java:93) [spring-web-5.3.31.jar!/:5.3.31]
	at org.springframework.web.filter.OncePerRequestFilter.doFilter(OncePerRequestFilter.java:117) [spring-web-5.3.31.jar!/:5.3.31]
	at org.apache.catalina.core.ApplicationFilterChain.internalDoFilter(ApplicationFilterChain.java:178) [tomcat-embed-core-9.0.83.jar!/:na]
	at org.apache.catalina.core.ApplicationFilterChain.doFilter(ApplicationFilterChain.java:153) [tomcat-embed-core-9.0.83.jar!/:na]
	at org.springframework.web.filter.CharacterEncodingFilter.doFilterInternal(CharacterEncodingFilter.java:201) [spring-web-5.3.31.jar!/:5.3.31]
	at org.springframework.web.filter.OncePerRequestFilter.doFilter(OncePerRequestFilter.java:117) [spring-web-5.3.31.jar!/:5.3.31]
	at org.apache.catalina.core.ApplicationFilterChain.internalDoFilter(ApplicationFilterChain.java:178) [tomcat-embed-core-9.0.83.jar!/:na]
	at org.apache.catalina.core.ApplicationFilterChain.doFilter(ApplicationFilterChain.java:153) [tomcat-embed-core-9.0.83.jar!/:na]
	at org.apache.catalina.core.StandardWrapperValve.invoke(StandardWrapperValve.java:168) [tomcat-embed-core-9.0.83.jar!/:na]
	at org.apache.catalina.core.StandardContextValve.invoke(StandardContextValve.java:90) [tomcat-embed-core-9.0.83.jar!/:na]
	at org.apache.catalina.authenticator.AuthenticatorBase.invoke(AuthenticatorBase.java:481) [tomcat-embed-core-9.0.83.jar!/:na]
	at org.apache.catalina.core.StandardHostValve.invoke(StandardHostValve.java:130) [tomcat-embed-core-9.0.83.jar!/:na]
	at org.apache.catalina.valves.ErrorReportValve.invoke(ErrorReportValve.java:93) [tomcat-embed-core-9.0.83.jar!/:na]
	at org.apache.catalina.core.StandardEngineValve.invoke(StandardEngineValve.java:74) [tomcat-embed-core-9.0.83.jar!/:na]
	at org.apache.catalina.connector.CoyoteAdapter.service(CoyoteAdapter.java:342) [tomcat-embed-core-9.0.83.jar!/:na]
	at org.apache.coyote.http11.Http11Processor.service(Http11Processor.java:390) [tomcat-embed-core-9.0.83.jar!/:na]
	at org.apache.coyote.AbstractProcessorLight.process(AbstractProcessorLight.java:63) [tomcat-embed-core-9.0.83.jar!/:na]
	at org.apache.coyote.AbstractProtocol$ConnectionHandler.process(AbstractProtocol.java:928) [tomcat-embed-core-9.0.83.jar!/:na]
	at org.apache.tomcat.util.net.NioEndpoint$SocketProcessor.doRun(NioEndpoint.java:1794) [tomcat-embed-core-9.0.83.jar!/:na]
	at org.apache.tomcat.util.net.SocketProcessorBase.run(SocketProcessorBase.java:52) [tomcat-embed-core-9.0.83.jar!/:na]
	at org.apache.tomcat.util.threads.ThreadPoolExecutor.runWorker(ThreadPoolExecutor.java:1191) [tomcat-embed-core-9.0.83.jar!/:na]
	at org.apache.tomcat.util.threads.ThreadPoolExecutor$Worker.run(ThreadPoolExecutor.java:659) [tomcat-embed-core-9.0.83.jar!/:na]
	at org.apache.tomcat.util.threads.TaskThread$WrappingRunnable.run(TaskThread.java:61) [tomcat-embed-core-9.0.83.jar!/:na]
	at java.lang.Thread.run(Unknown Source) [na:1.8.0_144]
Caused by: org.apache.ibatis.exceptions.PersistenceException: 
### Error querying database.  Cause: org.springframework.jdbc.CannotGetJdbcConnectionException: Failed to obtain JDBC Connection; nested exception is dm.jdbc.driver.DMException: 网络通信异常
### The error may exist in com/zing/doctor/module/sofa/mapper/SofaConfigMapper.java (best guess)
### The error may involve com.zing.doctor.module.sofa.mapper.SofaConfigMapper.selectList
### The error occurred while executing a query
### Cause: org.springframework.jdbc.CannotGetJdbcConnectionException: Failed to obtain JDBC Connection; nested exception is dm.jdbc.driver.DMException: 网络通信异常
	at org.apache.ibatis.exceptions.ExceptionFactory.wrapException(ExceptionFactory.java:30) ~[mybatis-3.5.15.jar!/:3.5.15]
	at org.apache.ibatis.session.defaults.DefaultSqlSession.selectList(DefaultSqlSession.java:156) ~[mybatis-3.5.15.jar!/:3.5.15]
	at org.apache.ibatis.session.defaults.DefaultSqlSession.selectList(DefaultSqlSession.java:147) ~[mybatis-3.5.15.jar!/:3.5.15]
	at org.apache.ibatis.session.defaults.DefaultSqlSession.selectList(DefaultSqlSession.java:142) ~[mybatis-3.5.15.jar!/:3.5.15]
	at sun.reflect.NativeMethodAccessorImpl.invoke0(Native Method) ~[na:1.8.0_144]
	at sun.reflect.NativeMethodAccessorImpl.invoke(Unknown Source) ~[na:1.8.0_144]
	at sun.reflect.DelegatingMethodAccessorImpl.invoke(Unknown Source) ~[na:1.8.0_144]
	at java.lang.reflect.Method.invoke(Unknown Source) ~[na:1.8.0_144]
	at org.mybatis.spring.SqlSessionTemplate$SqlSessionInterceptor.invoke(SqlSessionTemplate.java:425) ~[mybatis-spring-2.1.2.jar!/:2.1.2]
	... 65 common frames omitted
Caused by: org.springframework.jdbc.CannotGetJdbcConnectionException: Failed to obtain JDBC Connection; nested exception is dm.jdbc.driver.DMException: 网络通信异常
	at org.springframework.jdbc.datasource.DataSourceUtils.getConnection(DataSourceUtils.java:84) ~[spring-jdbc-5.3.31.jar!/:5.3.31]
	at org.mybatis.spring.transaction.SpringManagedTransaction.openConnection(SpringManagedTransaction.java:80) ~[mybatis-spring-2.1.2.jar!/:2.1.2]
	at org.mybatis.spring.transaction.SpringManagedTransaction.getConnection(SpringManagedTransaction.java:67) ~[mybatis-spring-2.1.2.jar!/:2.1.2]
	at org.apache.ibatis.executor.BaseExecutor.getConnection(BaseExecutor.java:348) ~[mybatis-3.5.15.jar!/:3.5.15]
	at org.apache.ibatis.executor.SimpleExecutor.prepareStatement(SimpleExecutor.java:89) ~[mybatis-3.5.15.jar!/:3.5.15]
	at org.apache.ibatis.executor.SimpleExecutor.doQuery(SimpleExecutor.java:64) ~[mybatis-3.5.15.jar!/:3.5.15]
	at org.apache.ibatis.executor.BaseExecutor.queryFromDatabase(BaseExecutor.java:336) ~[mybatis-3.5.15.jar!/:3.5.15]
	at org.apache.ibatis.executor.BaseExecutor.query(BaseExecutor.java:158) ~[mybatis-3.5.15.jar!/:3.5.15]
	at org.apache.ibatis.executor.CachingExecutor.query(CachingExecutor.java:110) ~[mybatis-3.5.15.jar!/:3.5.15]
	at com.baomidou.mybatisplus.extension.plugins.MybatisPlusInterceptor.intercept(MybatisPlusInterceptor.java:81) ~[mybatis-plus-extension-3.5.5.jar!/:3.5.5]
	at org.apache.ibatis.plugin.Plugin.invoke(Plugin.java:59) ~[mybatis-3.5.15.jar!/:3.5.15]
	at com.sun.proxy.$Proxy105.query(Unknown Source) ~[na:na]
	at org.apache.ibatis.session.defaults.DefaultSqlSession.selectList(DefaultSqlSession.java:154) ~[mybatis-3.5.15.jar!/:3.5.15]
	... 72 common frames omitted
Caused by: dm.jdbc.driver.DMException: 网络通信异常
	at dm.jdbc.driver.DBError.throwException(SourceFile:801) ~[DmJdbcDriver18-8.1.3.140.jar!/:na]
	at dm.jdbc.a.a.a(SourceFile:274) ~[DmJdbcDriver18-8.1.3.140.jar!/:na]
	at dm.jdbc.a.a.e(SourceFile:655) ~[DmJdbcDriver18-8.1.3.140.jar!/:na]
	at dm.jdbc.driver.DmdbConnection.openConnection(SourceFile:691) ~[DmJdbcDriver18-8.1.3.140.jar!/:na]
	at dm.jdbc.internal.conf.EP.connect(SourceFile:143) ~[DmJdbcDriver18-8.1.3.140.jar!/:na]
	at dm.jdbc.internal.conf.EPGroup$EPSelector.select(SourceFile:485) ~[DmJdbcDriver18-8.1.3.140.jar!/:na]
	at dm.jdbc.internal.conf.EPGroup.connect(SourceFile:329) ~[DmJdbcDriver18-8.1.3.140.jar!/:na]
	at dm.jdbc.driver.DmDriver.do_connect(SourceFile:164) ~[DmJdbcDriver18-8.1.3.140.jar!/:na]
	at dm.jdbc.driver.DmDriver.connect(SourceFile:450) ~[DmJdbcDriver18-8.1.3.140.jar!/:na]
	at com.zaxxer.hikari.util.DriverDataSource.getConnection(DriverDataSource.java:138) ~[HikariCP-4.0.3.jar!/:na]
	at com.zaxxer.hikari.pool.PoolBase.newConnection(PoolBase.java:364) ~[HikariCP-4.0.3.jar!/:na]
	at com.zaxxer.hikari.pool.PoolBase.newPoolEntry(PoolBase.java:206) ~[HikariCP-4.0.3.jar!/:na]
	at com.zaxxer.hikari.pool.HikariPool.createPoolEntry(HikariPool.java:476) ~[HikariCP-4.0.3.jar!/:na]
	at com.zaxxer.hikari.pool.HikariPool.checkFailFast(HikariPool.java:561) ~[HikariCP-4.0.3.jar!/:na]
	at com.zaxxer.hikari.pool.HikariPool.<init>(HikariPool.java:115) ~[HikariCP-4.0.3.jar!/:na]
	at com.zaxxer.hikari.HikariDataSource.getConnection(HikariDataSource.java:112) ~[HikariCP-4.0.3.jar!/:na]
	at com.baomidou.dynamic.datasource.ds.ItemDataSource.getConnection(ItemDataSource.java:56) ~[dynamic-datasource-spring-boot-starter-3.6.1.jar!/:3.6.1]
	at com.baomidou.dynamic.datasource.ds.AbstractRoutingDataSource.getConnection(AbstractRoutingDataSource.java:55) ~[dynamic-datasource-spring-boot-starter-3.6.1.jar!/:3.6.1]
	at org.springframework.jdbc.datasource.DataSourceUtils.fetchConnection(DataSourceUtils.java:160) ~[spring-jdbc-5.3.31.jar!/:5.3.31]
	at org.springframework.jdbc.datasource.DataSourceUtils.doGetConnection(DataSourceUtils.java:118) ~[spring-jdbc-5.3.31.jar!/:5.3.31]
	at org.springframework.jdbc.datasource.DataSourceUtils.getConnection(DataSourceUtils.java:81) ~[spring-jdbc-5.3.31.jar!/:5.3.31]
	... 84 common frames omitted
Caused by: java.net.SocketTimeoutException: Read timed out
	at java.net.SocketInputStream.socketRead0(Native Method) ~[na:1.8.0_144]
	at java.net.SocketInputStream.socketRead(Unknown Source) ~[na:1.8.0_144]
	at java.net.SocketInputStream.read(Unknown Source) ~[na:1.8.0_144]
	at java.net.SocketInputStream.read(Unknown Source) ~[na:1.8.0_144]
	at dm.jdbc.util.buffer.ByteArrayNode.load(SourceFile:129) ~[DmJdbcDriver18-8.1.3.140.jar!/:na]
	at dm.jdbc.util.buffer.Buffer.load(SourceFile:365) ~[DmJdbcDriver18-8.1.3.140.jar!/:na]
	at dm.jdbc.a.c.a(SourceFile:208) ~[DmJdbcDriver18-8.1.3.140.jar!/:na]
	at dm.jdbc.a.a.e(SourceFile:389) ~[DmJdbcDriver18-8.1.3.140.jar!/:na]
	at dm.jdbc.a.a.a(SourceFile:263) ~[DmJdbcDriver18-8.1.3.140.jar!/:na]
	... 103 common frames omitted

2026-09-12 13:06:19.025  INFO 25700 --- [nio-8081-exec-2] com.zaxxer.hikari.HikariDataSource       : icu - Starting...
2026-09-12 13:06:25.106 ERROR 25700 --- [nio-8081-exec-2] com.zaxxer.hikari.pool.HikariPool        : icu - Exception during pool initialization.

dm.jdbc.driver.DMException: 网络通信异常
	at dm.jdbc.driver.DBError.throwException(SourceFile:801) ~[DmJdbcDriver18-8.1.3.140.jar!/:na]
	at dm.jdbc.a.a.a(SourceFile:274) ~[DmJdbcDriver18-8.1.3.140.jar!/:na]
	at dm.jdbc.a.a.e(SourceFile:655) ~[DmJdbcDriver18-8.1.3.140.jar!/:na]
	at dm.jdbc.driver.DmdbConnection.openConnection(SourceFile:691) ~[DmJdbcDriver18-8.1.3.140.jar!/:na]
	at dm.jdbc.internal.conf.EP.connect(SourceFile:143) ~[DmJdbcDriver18-8.1.3.140.jar!/:na]
	at dm.jdbc.internal.conf.EPGroup$EPSelector.select(SourceFile:485) ~[DmJdbcDriver18-8.1.3.140.jar!/:na]
	at dm.jdbc.internal.conf.EPGroup.connect(SourceFile:329) ~[DmJdbcDriver18-8.1.3.140.jar!/:na]
	at dm.jdbc.driver.DmDriver.do_connect(SourceFile:164) ~[DmJdbcDriver18-8.1.3.140.jar!/:na]
	at dm.jdbc.driver.DmDriver.connect(SourceFile:450) ~[DmJdbcDriver18-8.1.3.140.jar!/:na]
	at com.zaxxer.hikari.util.DriverDataSource.getConnection(DriverDataSource.java:138) ~[HikariCP-4.0.3.jar!/:na]
	at com.zaxxer.hikari.pool.PoolBase.newConnection(PoolBase.java:364) ~[HikariCP-4.0.3.jar!/:na]
	at com.zaxxer.hikari.pool.PoolBase.newPoolEntry(PoolBase.java:206) ~[HikariCP-4.0.3.jar!/:na]
	at com.zaxxer.hikari.pool.HikariPool.createPoolEntry(HikariPool.java:476) [HikariCP-4.0.3.jar!/:na]
	at com.zaxxer.hikari.pool.HikariPool.checkFailFast(HikariPool.java:561) [HikariCP-4.0.3.jar!/:na]
	at com.zaxxer.hikari.pool.HikariPool.<init>(HikariPool.java:115) [HikariCP-4.0.3.jar!/:na]
	at com.zaxxer.hikari.HikariDataSource.getConnection(HikariDataSource.java:112) [HikariCP-4.0.3.jar!/:na]
	at com.baomidou.dynamic.datasource.ds.ItemDataSource.getConnection(ItemDataSource.java:56) [dynamic-datasource-spring-boot-starter-3.6.1.jar!/:3.6.1]
	at com.baomidou.dynamic.datasource.ds.AbstractRoutingDataSource.getConnection(AbstractRoutingDataSource.java:55) [dynamic-datasource-spring-boot-starter-3.6.1.jar!/:3.6.1]
	at org.springframework.jdbc.datasource.DataSourceUtils.fetchConnection(DataSourceUtils.java:160) [spring-jdbc-5.3.31.jar!/:5.3.31]
	at org.springframework.jdbc.datasource.DataSourceUtils.doGetConnection(DataSourceUtils.java:118) [spring-jdbc-5.3.31.jar!/:5.3.31]
	at org.springframework.jdbc.datasource.DataSourceUtils.getConnection(DataSourceUtils.java:81) [spring-jdbc-5.3.31.jar!/:5.3.31]
	at org.mybatis.spring.transaction.SpringManagedTransaction.openConnection(SpringManagedTransaction.java:80) [mybatis-spring-2.1.2.jar!/:2.1.2]
	at org.mybatis.spring.transaction.SpringManagedTransaction.getConnection(SpringManagedTransaction.java:67) [mybatis-spring-2.1.2.jar!/:2.1.2]
	at org.apache.ibatis.executor.BaseExecutor.getConnection(BaseExecutor.java:348) [mybatis-3.5.15.jar!/:3.5.15]
	at org.apache.ibatis.executor.SimpleExecutor.prepareStatement(SimpleExecutor.java:89) [mybatis-3.5.15.jar!/:3.5.15]
	at org.apache.ibatis.executor.SimpleExecutor.doQuery(SimpleExecutor.java:64) [mybatis-3.5.15.jar!/:3.5.15]
	at org.apache.ibatis.executor.BaseExecutor.queryFromDatabase(BaseExecutor.java:336) [mybatis-3.5.15.jar!/:3.5.15]
	at org.apache.ibatis.executor.BaseExecutor.query(BaseExecutor.java:158) [mybatis-3.5.15.jar!/:3.5.15]
	at org.apache.ibatis.executor.CachingExecutor.query(CachingExecutor.java:110) [mybatis-3.5.15.jar!/:3.5.15]
	at com.baomidou.mybatisplus.extension.plugins.MybatisPlusInterceptor.intercept(MybatisPlusInterceptor.java:81) [mybatis-plus-extension-3.5.5.jar!/:3.5.5]
	at org.apache.ibatis.plugin.Plugin.invoke(Plugin.java:59) [mybatis-3.5.15.jar!/:3.5.15]
	at com.sun.proxy.$Proxy105.query(Unknown Source) [na:na]
	at org.apache.ibatis.session.defaults.DefaultSqlSession.selectList(DefaultSqlSession.java:154) [mybatis-3.5.15.jar!/:3.5.15]
	at org.apache.ibatis.session.defaults.DefaultSqlSession.selectList(DefaultSqlSession.java:147) [mybatis-3.5.15.jar!/:3.5.15]
	at org.apache.ibatis.session.defaults.DefaultSqlSession.selectList(DefaultSqlSession.java:142) [mybatis-3.5.15.jar!/:3.5.15]
	at org.apache.ibatis.session.defaults.DefaultSqlSession.selectOne(DefaultSqlSession.java:75) [mybatis-3.5.15.jar!/:3.5.15]
	at sun.reflect.NativeMethodAccessorImpl.invoke0(Native Method) ~[na:1.8.0_144]
	at sun.reflect.NativeMethodAccessorImpl.invoke(Unknown Source) ~[na:1.8.0_144]
	at sun.reflect.DelegatingMethodAccessorImpl.invoke(Unknown Source) ~[na:1.8.0_144]
	at java.lang.reflect.Method.invoke(Unknown Source) ~[na:1.8.0_144]
	at org.mybatis.spring.SqlSessionTemplate$SqlSessionInterceptor.invoke(SqlSessionTemplate.java:425) [mybatis-spring-2.1.2.jar!/:2.1.2]
	at com.sun.proxy.$Proxy69.selectOne(Unknown Source) [na:na]
	at org.mybatis.spring.SqlSessionTemplate.selectOne(SqlSessionTemplate.java:160) [mybatis-spring-2.1.2.jar!/:2.1.2]
	at com.baomidou.mybatisplus.core.override.MybatisMapperMethod.execute(MybatisMapperMethod.java:87) [mybatis-plus-core-3.5.5.jar!/:3.5.5]
	at com.baomidou.mybatisplus.core.override.MybatisMapperProxy$PlainMethodInvoker.invoke(MybatisMapperProxy.java:152) [mybatis-plus-core-3.5.5.jar!/:3.5.5]
	at com.baomidou.mybatisplus.core.override.MybatisMapperProxy.invoke(MybatisMapperProxy.java:89) [mybatis-plus-core-3.5.5.jar!/:3.5.5]
	at com.sun.proxy.$Proxy81.selectPatientByInHospitalNo(Unknown Source) [na:na]
	at sun.reflect.NativeMethodAccessorImpl.invoke0(Native Method) ~[na:1.8.0_144]
	at sun.reflect.NativeMethodAccessorImpl.invoke(Unknown Source) ~[na:1.8.0_144]
	at sun.reflect.DelegatingMethodAccessorImpl.invoke(Unknown Source) ~[na:1.8.0_144]
	at java.lang.reflect.Method.invoke(Unknown Source) ~[na:1.8.0_144]
	at org.springframework.aop.support.AopUtils.invokeJoinpointUsingReflection(AopUtils.java:344) [spring-aop-5.3.31.jar!/:5.3.31]
	at org.springframework.aop.framework.ReflectiveMethodInvocation.invokeJoinpoint(ReflectiveMethodInvocation.java:198) [spring-aop-5.3.31.jar!/:5.3.31]
	at org.springframework.aop.framework.ReflectiveMethodInvocation.proceed(ReflectiveMethodInvocation.java:163) [spring-aop-5.3.31.jar!/:5.3.31]
	at com.baomidou.dynamic.datasource.aop.DynamicDataSourceAnnotationInterceptor.invoke(DynamicDataSourceAnnotationInterceptor.java:50) [dynamic-datasource-spring-boot-starter-3.6.1.jar!/:3.6.1]
	at org.springframework.aop.framework.ReflectiveMethodInvocation.proceed(ReflectiveMethodInvocation.java:186) [spring-aop-5.3.31.jar!/:5.3.31]
	at org.springframework.aop.framework.JdkDynamicAopProxy.invoke(JdkDynamicAopProxy.java:241) [spring-aop-5.3.31.jar!/:5.3.31]
	at com.sun.proxy.$Proxy82.selectPatientByInHospitalNo(Unknown Source) [na:na]
	at com.zing.doctor.module.sofa.service.impl.SofaServiceImpl.resolvePatientId(SofaServiceImpl.java:304) [classes!/:1.0.0]
	at com.zing.doctor.module.sofa.service.impl.SofaServiceImpl.getAssessmentByInHospitalNo(SofaServiceImpl.java:295) [classes!/:1.0.0]
	at com.zing.doctor.module.sofa.service.impl.SofaServiceImpl$$FastClassBySpringCGLIB$$55201874.invoke(<generated>) [classes!/:1.0.0]
	at org.springframework.cglib.proxy.MethodProxy.invoke(MethodProxy.java:218) [spring-core-5.3.31.jar!/:5.3.31]
	at org.springframework.aop.framework.CglibAopProxy.invokeMethod(CglibAopProxy.java:386) [spring-aop-5.3.31.jar!/:5.3.31]
	at org.springframework.aop.framework.CglibAopProxy.access$000(CglibAopProxy.java:85) [spring-aop-5.3.31.jar!/:5.3.31]
	at org.springframework.aop.framework.CglibAopProxy$DynamicAdvisedInterceptor.intercept(CglibAopProxy.java:703) [spring-aop-5.3.31.jar!/:5.3.31]
	at com.zing.doctor.module.sofa.service.impl.SofaServiceImpl$$EnhancerBySpringCGLIB$$8b2e5ffc.getAssessmentByInHospitalNo(<generated>) [classes!/:1.0.0]
	at com.zing.doctor.module.sofa.controller.SofaController.assessmentByNo(SofaController.java:58) [classes!/:1.0.0]
	at sun.reflect.NativeMethodAccessorImpl.invoke0(Native Method) ~[na:1.8.0_144]
	at sun.reflect.NativeMethodAccessorImpl.invoke(Unknown Source) ~[na:1.8.0_144]
	at sun.reflect.DelegatingMethodAccessorImpl.invoke(Unknown Source) ~[na:1.8.0_144]
	at java.lang.reflect.Method.invoke(Unknown Source) ~[na:1.8.0_144]
	at org.springframework.web.method.support.InvocableHandlerMethod.doInvoke(InvocableHandlerMethod.java:205) [spring-web-5.3.31.jar!/:5.3.31]
	at org.springframework.web.method.support.InvocableHandlerMethod.invokeForRequest(InvocableHandlerMethod.java:150) [spring-web-5.3.31.jar!/:5.3.31]
	at org.springframework.web.servlet.mvc.method.annotation.ServletInvocableHandlerMethod.invokeAndHandle(ServletInvocableHandlerMethod.java:117) [spring-webmvc-5.3.31.jar!/:5.3.31]
	at org.springframework.web.servlet.mvc.method.annotation.RequestMappingHandlerAdapter.invokeHandlerMethod(RequestMappingHandlerAdapter.java:895) [spring-webmvc-5.3.31.jar!/:5.3.31]
	at org.springframework.web.servlet.mvc.method.annotation.RequestMappingHandlerAdapter.handleInternal(RequestMappingHandlerAdapter.java:808) [spring-webmvc-5.3.31.jar!/:5.3.31]
	at org.springframework.web.servlet.mvc.method.AbstractHandlerMethodAdapter.handle(AbstractHandlerMethodAdapter.java:87) [spring-webmvc-5.3.31.jar!/:5.3.31]
	at org.springframework.web.servlet.DispatcherServlet.doDispatch(DispatcherServlet.java:1072) [spring-webmvc-5.3.31.jar!/:5.3.31]
	at org.springframework.web.servlet.DispatcherServlet.doService(DispatcherServlet.java:965) [spring-webmvc-5.3.31.jar!/:5.3.31]
	at org.springframework.web.servlet.FrameworkServlet.processRequest(FrameworkServlet.java:1006) [spring-webmvc-5.3.31.jar!/:5.3.31]
	at org.springframework.web.servlet.FrameworkServlet.doGet(FrameworkServlet.java:898) [spring-webmvc-5.3.31.jar!/:5.3.31]
	at javax.servlet.http.HttpServlet.service(HttpServlet.java:529) [tomcat-embed-core-9.0.83.jar!/:na]
	at org.springframework.web.servlet.FrameworkServlet.service(FrameworkServlet.java:883) [spring-webmvc-5.3.31.jar!/:5.3.31]
	at javax.servlet.http.HttpServlet.service(HttpServlet.java:623) [tomcat-embed-core-9.0.83.jar!/:na]
	at org.apache.catalina.core.ApplicationFilterChain.internalDoFilter(ApplicationFilterChain.java:209) [tomcat-embed-core-9.0.83.jar!/:na]
	at org.apache.catalina.core.ApplicationFilterChain.doFilter(ApplicationFilterChain.java:153) [tomcat-embed-core-9.0.83.jar!/:na]
	at org.apache.tomcat.websocket.server.WsFilter.doFilter(WsFilter.java:51) [tomcat-embed-websocket-9.0.83.jar!/:na]
	at org.apache.catalina.core.ApplicationFilterChain.internalDoFilter(ApplicationFilterChain.java:178) [tomcat-embed-core-9.0.83.jar!/:na]
	at org.apache.catalina.core.ApplicationFilterChain.doFilter(ApplicationFilterChain.java:153) [tomcat-embed-core-9.0.83.jar!/:na]
	at org.springframework.web.filter.RequestContextFilter.doFilterInternal(RequestContextFilter.java:100) [spring-web-5.3.31.jar!/:5.3.31]
	at org.springframework.web.filter.OncePerRequestFilter.doFilter(OncePerRequestFilter.java:117) [spring-web-5.3.31.jar!/:5.3.31]
	at org.apache.catalina.core.ApplicationFilterChain.internalDoFilter(ApplicationFilterChain.java:178) [tomcat-embed-core-9.0.83.jar!/:na]
	at org.apache.catalina.core.ApplicationFilterChain.doFilter(ApplicationFilterChain.java:153) [tomcat-embed-core-9.0.83.jar!/:na]
	at org.springframework.web.filter.FormContentFilter.doFilterInternal(FormContentFilter.java:93) [spring-web-5.3.31.jar!/:5.3.31]
	at org.springframework.web.filter.OncePerRequestFilter.doFilter(OncePerRequestFilter.java:117) [spring-web-5.3.31.jar!/:5.3.31]
	at org.apache.catalina.core.ApplicationFilterChain.internalDoFilter(ApplicationFilterChain.java:178) [tomcat-embed-core-9.0.83.jar!/:na]
	at org.apache.catalina.core.ApplicationFilterChain.doFilter(ApplicationFilterChain.java:153) [tomcat-embed-core-9.0.83.jar!/:na]
	at org.springframework.web.filter.CharacterEncodingFilter.doFilterInternal(CharacterEncodingFilter.java:201) [spring-web-5.3.31.jar!/:5.3.31]
	at org.springframework.web.filter.OncePerRequestFilter.doFilter(OncePerRequestFilter.java:117) [spring-web-5.3.31.jar!/:5.3.31]
	at org.apache.catalina.core.ApplicationFilterChain.internalDoFilter(ApplicationFilterChain.java:178) [tomcat-embed-core-9.0.83.jar!/:na]
	at org.apache.catalina.core.ApplicationFilterChain.doFilter(ApplicationFilterChain.java:153) [tomcat-embed-core-9.0.83.jar!/:na]
	at org.apache.catalina.core.StandardWrapperValve.invoke(StandardWrapperValve.java:168) [tomcat-embed-core-9.0.83.jar!/:na]
	at org.apache.catalina.core.StandardContextValve.invoke(StandardContextValve.java:90) [tomcat-embed-core-9.0.83.jar!/:na]
	at org.apache.catalina.authenticator.AuthenticatorBase.invoke(AuthenticatorBase.java:481) [tomcat-embed-core-9.0.83.jar!/:na]
	at org.apache.catalina.core.StandardHostValve.invoke(StandardHostValve.java:130) [tomcat-embed-core-9.0.83.jar!/:na]
	at org.apache.catalina.valves.ErrorReportValve.invoke(ErrorReportValve.java:93) [tomcat-embed-core-9.0.83.jar!/:na]
	at org.apache.catalina.core.StandardEngineValve.invoke(StandardEngineValve.java:74) [tomcat-embed-core-9.0.83.jar!/:na]
	at org.apache.catalina.connector.CoyoteAdapter.service(CoyoteAdapter.java:342) [tomcat-embed-core-9.0.83.jar!/:na]
	at org.apache.coyote.http11.Http11Processor.service(Http11Processor.java:390) [tomcat-embed-core-9.0.83.jar!/:na]
	at org.apache.coyote.AbstractProcessorLight.process(AbstractProcessorLight.java:63) [tomcat-embed-core-9.0.83.jar!/:na]
	at org.apache.coyote.AbstractProtocol$ConnectionHandler.process(AbstractProtocol.java:928) [tomcat-embed-core-9.0.83.jar!/:na]
	at org.apache.tomcat.util.net.NioEndpoint$SocketProcessor.doRun(NioEndpoint.java:1794) [tomcat-embed-core-9.0.83.jar!/:na]
	at org.apache.tomcat.util.net.SocketProcessorBase.run(SocketProcessorBase.java:52) [tomcat-embed-core-9.0.83.jar!/:na]
	at org.apache.tomcat.util.threads.ThreadPoolExecutor.runWorker(ThreadPoolExecutor.java:1191) [tomcat-embed-core-9.0.83.jar!/:na]
	at org.apache.tomcat.util.threads.ThreadPoolExecutor$Worker.run(ThreadPoolExecutor.java:659) [tomcat-embed-core-9.0.83.jar!/:na]
	at org.apache.tomcat.util.threads.TaskThread$WrappingRunnable.run(TaskThread.java:61) [tomcat-embed-core-9.0.83.jar!/:na]
	at java.lang.Thread.run(Unknown Source) [na:1.8.0_144]
Caused by: java.net.SocketTimeoutException: Read timed out
	at java.net.SocketInputStream.socketRead0(Native Method) ~[na:1.8.0_144]
	at java.net.SocketInputStream.socketRead(Unknown Source) ~[na:1.8.0_144]
	at java.net.SocketInputStream.read(Unknown Source) ~[na:1.8.0_144]
	at java.net.SocketInputStream.read(Unknown Source) ~[na:1.8.0_144]
	at dm.jdbc.util.buffer.ByteArrayNode.load(SourceFile:129) ~[DmJdbcDriver18-8.1.3.140.jar!/:na]
	at dm.jdbc.util.buffer.Buffer.load(SourceFile:365) ~[DmJdbcDriver18-8.1.3.140.jar!/:na]
	at dm.jdbc.a.c.a(SourceFile:208) ~[DmJdbcDriver18-8.1.3.140.jar!/:na]
	at dm.jdbc.a.a.e(SourceFile:389) ~[DmJdbcDriver18-8.1.3.140.jar!/:na]
	at dm.jdbc.a.a.a(SourceFile:263) ~[DmJdbcDriver18-8.1.3.140.jar!/:na]
	... 115 common frames omitted

2026-09-12 13:06:25.123 ERROR 25700 --- [nio-8081-exec-2] c.z.d.m.sofa.controller.SofaController   : SOFA 评估失败: inHospitalNo=NO20260901001

org.mybatis.spring.MyBatisSystemException: nested exception is org.apache.ibatis.exceptions.PersistenceException: 
### Error querying database.  Cause: org.springframework.jdbc.CannotGetJdbcConnectionException: Failed to obtain JDBC Connection; nested exception is dm.jdbc.driver.DMException: 网络通信异常
### The error may exist in com/zing/doctor/icu/mapper/IcuPatientMapper.java (best guess)
### The error may involve com.zing.doctor.icu.mapper.IcuPatientMapper.selectPatientByInHospitalNo
### The error occurred while executing a query
### Cause: org.springframework.jdbc.CannotGetJdbcConnectionException: Failed to obtain JDBC Connection; nested exception is dm.jdbc.driver.DMException: 网络通信异常
	at org.mybatis.spring.MyBatisExceptionTranslator.translateExceptionIfPossible(MyBatisExceptionTranslator.java:97) ~[mybatis-spring-2.1.2.jar!/:2.1.2]
	at org.mybatis.spring.SqlSessionTemplate$SqlSessionInterceptor.invoke(SqlSessionTemplate.java:439) ~[mybatis-spring-2.1.2.jar!/:2.1.2]
	at com.sun.proxy.$Proxy69.selectOne(Unknown Source) ~[na:na]
	at org.mybatis.spring.SqlSessionTemplate.selectOne(SqlSessionTemplate.java:160) ~[mybatis-spring-2.1.2.jar!/:2.1.2]
	at com.baomidou.mybatisplus.core.override.MybatisMapperMethod.execute(MybatisMapperMethod.java:87) ~[mybatis-plus-core-3.5.5.jar!/:3.5.5]
	at com.baomidou.mybatisplus.core.override.MybatisMapperProxy$PlainMethodInvoker.invoke(MybatisMapperProxy.java:152) ~[mybatis-plus-core-3.5.5.jar!/:3.5.5]
	at com.baomidou.mybatisplus.core.override.MybatisMapperProxy.invoke(MybatisMapperProxy.java:89) ~[mybatis-plus-core-3.5.5.jar!/:3.5.5]
	at com.sun.proxy.$Proxy81.selectPatientByInHospitalNo(Unknown Source) ~[na:na]
	at sun.reflect.NativeMethodAccessorImpl.invoke0(Native Method) ~[na:1.8.0_144]
	at sun.reflect.NativeMethodAccessorImpl.invoke(Unknown Source) ~[na:1.8.0_144]
	at sun.reflect.DelegatingMethodAccessorImpl.invoke(Unknown Source) ~[na:1.8.0_144]
	at java.lang.reflect.Method.invoke(Unknown Source) ~[na:1.8.0_144]
	at org.springframework.aop.support.AopUtils.invokeJoinpointUsingReflection(AopUtils.java:344) ~[spring-aop-5.3.31.jar!/:5.3.31]
	at org.springframework.aop.framework.ReflectiveMethodInvocation.invokeJoinpoint(ReflectiveMethodInvocation.java:198) ~[spring-aop-5.3.31.jar!/:5.3.31]
	at org.springframework.aop.framework.ReflectiveMethodInvocation.proceed(ReflectiveMethodInvocation.java:163) ~[spring-aop-5.3.31.jar!/:5.3.31]
	at com.baomidou.dynamic.datasource.aop.DynamicDataSourceAnnotationInterceptor.invoke(DynamicDataSourceAnnotationInterceptor.java:50) ~[dynamic-datasource-spring-boot-starter-3.6.1.jar!/:3.6.1]
	at org.springframework.aop.framework.ReflectiveMethodInvocation.proceed(ReflectiveMethodInvocation.java:186) ~[spring-aop-5.3.31.jar!/:5.3.31]
	at org.springframework.aop.framework.JdkDynamicAopProxy.invoke(JdkDynamicAopProxy.java:241) ~[spring-aop-5.3.31.jar!/:5.3.31]
	at com.sun.proxy.$Proxy82.selectPatientByInHospitalNo(Unknown Source) ~[na:na]
	at com.zing.doctor.module.sofa.service.impl.SofaServiceImpl.resolvePatientId(SofaServiceImpl.java:304) ~[classes!/:1.0.0]
	at com.zing.doctor.module.sofa.service.impl.SofaServiceImpl.getAssessmentByInHospitalNo(SofaServiceImpl.java:295) ~[classes!/:1.0.0]
	at com.zing.doctor.module.sofa.service.impl.SofaServiceImpl$$FastClassBySpringCGLIB$$55201874.invoke(<generated>) ~[classes!/:1.0.0]
	at org.springframework.cglib.proxy.MethodProxy.invoke(MethodProxy.java:218) ~[spring-core-5.3.31.jar!/:5.3.31]
	at org.springframework.aop.framework.CglibAopProxy.invokeMethod(CglibAopProxy.java:386) ~[spring-aop-5.3.31.jar!/:5.3.31]
	at org.springframework.aop.framework.CglibAopProxy.access$000(CglibAopProxy.java:85) ~[spring-aop-5.3.31.jar!/:5.3.31]
	at org.springframework.aop.framework.CglibAopProxy$DynamicAdvisedInterceptor.intercept(CglibAopProxy.java:703) ~[spring-aop-5.3.31.jar!/:5.3.31]
	at com.zing.doctor.module.sofa.service.impl.SofaServiceImpl$$EnhancerBySpringCGLIB$$8b2e5ffc.getAssessmentByInHospitalNo(<generated>) ~[classes!/:1.0.0]
	at com.zing.doctor.module.sofa.controller.SofaController.assessmentByNo(SofaController.java:58) ~[classes!/:1.0.0]
	at sun.reflect.NativeMethodAccessorImpl.invoke0(Native Method) ~[na:1.8.0_144]
	at sun.reflect.NativeMethodAccessorImpl.invoke(Unknown Source) ~[na:1.8.0_144]
	at sun.reflect.DelegatingMethodAccessorImpl.invoke(Unknown Source) ~[na:1.8.0_144]
	at java.lang.reflect.Method.invoke(Unknown Source) ~[na:1.8.0_144]
	at org.springframework.web.method.support.InvocableHandlerMethod.doInvoke(InvocableHandlerMethod.java:205) [spring-web-5.3.31.jar!/:5.3.31]
	at org.springframework.web.method.support.InvocableHandlerMethod.invokeForRequest(InvocableHandlerMethod.java:150) [spring-web-5.3.31.jar!/:5.3.31]
	at org.springframework.web.servlet.mvc.method.annotation.ServletInvocableHandlerMethod.invokeAndHandle(ServletInvocableHandlerMethod.java:117) [spring-webmvc-5.3.31.jar!/:5.3.31]
	at org.springframework.web.servlet.mvc.method.annotation.RequestMappingHandlerAdapter.invokeHandlerMethod(RequestMappingHandlerAdapter.java:895) [spring-webmvc-5.3.31.jar!/:5.3.31]
	at org.springframework.web.servlet.mvc.method.annotation.RequestMappingHandlerAdapter.handleInternal(RequestMappingHandlerAdapter.java:808) [spring-webmvc-5.3.31.jar!/:5.3.31]
	at org.springframework.web.servlet.mvc.method.AbstractHandlerMethodAdapter.handle(AbstractHandlerMethodAdapter.java:87) [spring-webmvc-5.3.31.jar!/:5.3.31]
	at org.springframework.web.servlet.DispatcherServlet.doDispatch(DispatcherServlet.java:1072) [spring-webmvc-5.3.31.jar!/:5.3.31]
	at org.springframework.web.servlet.DispatcherServlet.doService(DispatcherServlet.java:965) [spring-webmvc-5.3.31.jar!/:5.3.31]
	at org.springframework.web.servlet.FrameworkServlet.processRequest(FrameworkServlet.java:1006) [spring-webmvc-5.3.31.jar!/:5.3.31]
	at org.springframework.web.servlet.FrameworkServlet.doGet(FrameworkServlet.java:898) [spring-webmvc-5.3.31.jar!/:5.3.31]
	at javax.servlet.http.HttpServlet.service(HttpServlet.java:529) [tomcat-embed-core-9.0.83.jar!/:na]
	at org.springframework.web.servlet.FrameworkServlet.service(FrameworkServlet.java:883) [spring-webmvc-5.3.31.jar!/:5.3.31]
	at javax.servlet.http.HttpServlet.service(HttpServlet.java:623) [tomcat-embed-core-9.0.83.jar!/:na]
	at org.apache.catalina.core.ApplicationFilterChain.internalDoFilter(ApplicationFilterChain.java:209) [tomcat-embed-core-9.0.83.jar!/:na]
	at org.apache.catalina.core.ApplicationFilterChain.doFilter(ApplicationFilterChain.java:153) [tomcat-embed-core-9.0.83.jar!/:na]
	at org.apache.tomcat.websocket.server.WsFilter.doFilter(WsFilter.java:51) [tomcat-embed-websocket-9.0.83.jar!/:na]
	at org.apache.catalina.core.ApplicationFilterChain.internalDoFilter(ApplicationFilterChain.java:178) [tomcat-embed-core-9.0.83.jar!/:na]
	at org.apache.catalina.core.ApplicationFilterChain.doFilter(ApplicationFilterChain.java:153) [tomcat-embed-core-9.0.83.jar!/:na]
	at org.springframework.web.filter.RequestContextFilter.doFilterInternal(RequestContextFilter.java:100) [spring-web-5.3.31.jar!/:5.3.31]
	at org.springframework.web.filter.OncePerRequestFilter.doFilter(OncePerRequestFilter.java:117) [spring-web-5.3.31.jar!/:5.3.31]
	at org.apache.catalina.core.ApplicationFilterChain.internalDoFilter(ApplicationFilterChain.java:178) [tomcat-embed-core-9.0.83.jar!/:na]
	at org.apache.catalina.core.ApplicationFilterChain.doFilter(ApplicationFilterChain.java:153) [tomcat-embed-core-9.0.83.jar!/:na]
	at org.springframework.web.filter.FormContentFilter.doFilterInternal(FormContentFilter.java:93) [spring-web-5.3.31.jar!/:5.3.31]
	at org.springframework.web.filter.OncePerRequestFilter.doFilter(OncePerRequestFilter.java:117) [spring-web-5.3.31.jar!/:5.3.31]
	at org.apache.catalina.core.ApplicationFilterChain.internalDoFilter(ApplicationFilterChain.java:178) [tomcat-embed-core-9.0.83.jar!/:na]
	at org.apache.catalina.core.ApplicationFilterChain.doFilter(ApplicationFilterChain.java:153) [tomcat-embed-core-9.0.83.jar!/:na]
	at org.springframework.web.filter.CharacterEncodingFilter.doFilterInternal(CharacterEncodingFilter.java:201) [spring-web-5.3.31.jar!/:5.3.31]
	at org.springframework.web.filter.OncePerRequestFilter.doFilter(OncePerRequestFilter.java:117) [spring-web-5.3.31.jar!/:5.3.31]
	at org.apache.catalina.core.ApplicationFilterChain.internalDoFilter(ApplicationFilterChain.java:178) [tomcat-embed-core-9.0.83.jar!/:na]
	at org.apache.catalina.core.ApplicationFilterChain.doFilter(ApplicationFilterChain.java:153) [tomcat-embed-core-9.0.83.jar!/:na]
	at org.apache.catalina.core.StandardWrapperValve.invoke(StandardWrapperValve.java:168) [tomcat-embed-core-9.0.83.jar!/:na]
	at org.apache.catalina.core.StandardContextValve.invoke(StandardContextValve.java:90) [tomcat-embed-core-9.0.83.jar!/:na]
	at org.apache.catalina.authenticator.AuthenticatorBase.invoke(AuthenticatorBase.java:481) [tomcat-embed-core-9.0.83.jar!/:na]
	at org.apache.catalina.core.StandardHostValve.invoke(StandardHostValve.java:130) [tomcat-embed-core-9.0.83.jar!/:na]
	at org.apache.catalina.valves.ErrorReportValve.invoke(ErrorReportValve.java:93) [tomcat-embed-core-9.0.83.jar!/:na]
	at org.apache.catalina.core.StandardEngineValve.invoke(StandardEngineValve.java:74) [tomcat-embed-core-9.0.83.jar!/:na]
	at org.apache.catalina.connector.CoyoteAdapter.service(CoyoteAdapter.java:342) [tomcat-embed-core-9.0.83.jar!/:na]
	at org.apache.coyote.http11.Http11Processor.service(Http11Processor.java:390) [tomcat-embed-core-9.0.83.jar!/:na]
	at org.apache.coyote.AbstractProcessorLight.process(AbstractProcessorLight.java:63) [tomcat-embed-core-9.0.83.jar!/:na]
	at org.apache.coyote.AbstractProtocol$ConnectionHandler.process(AbstractProtocol.java:928) [tomcat-embed-core-9.0.83.jar!/:na]
	at org.apache.tomcat.util.net.NioEndpoint$SocketProcessor.doRun(NioEndpoint.java:1794) [tomcat-embed-core-9.0.83.jar!/:na]
	at org.apache.tomcat.util.net.SocketProcessorBase.run(SocketProcessorBase.java:52) [tomcat-embed-core-9.0.83.jar!/:na]
	at org.apache.tomcat.util.threads.ThreadPoolExecutor.runWorker(ThreadPoolExecutor.java:1191) [tomcat-embed-core-9.0.83.jar!/:na]
	at org.apache.tomcat.util.threads.ThreadPoolExecutor$Worker.run(ThreadPoolExecutor.java:659) [tomcat-embed-core-9.0.83.jar!/:na]
	at org.apache.tomcat.util.threads.TaskThread$WrappingRunnable.run(TaskThread.java:61) [tomcat-embed-core-9.0.83.jar!/:na]
	at java.lang.Thread.run(Unknown Source) [na:1.8.0_144]
Caused by: org.apache.ibatis.exceptions.PersistenceException: 
### Error querying database.  Cause: org.springframework.jdbc.CannotGetJdbcConnectionException: Failed to obtain JDBC Connection; nested exception is dm.jdbc.driver.DMException: 网络通信异常
### The error may exist in com/zing/doctor/icu/mapper/IcuPatientMapper.java (best guess)
### The error may involve com.zing.doctor.icu.mapper.IcuPatientMapper.selectPatientByInHospitalNo
### The error occurred while executing a query
### Cause: org.springframework.jdbc.CannotGetJdbcConnectionException: Failed to obtain JDBC Connection; nested exception is dm.jdbc.driver.DMException: 网络通信异常
	at org.apache.ibatis.exceptions.ExceptionFactory.wrapException(ExceptionFactory.java:30) ~[mybatis-3.5.15.jar!/:3.5.15]
	at org.apache.ibatis.session.defaults.DefaultSqlSession.selectList(DefaultSqlSession.java:156) ~[mybatis-3.5.15.jar!/:3.5.15]
	at org.apache.ibatis.session.defaults.DefaultSqlSession.selectList(DefaultSqlSession.java:147) ~[mybatis-3.5.15.jar!/:3.5.15]
	at org.apache.ibatis.session.defaults.DefaultSqlSession.selectList(DefaultSqlSession.java:142) ~[mybatis-3.5.15.jar!/:3.5.15]
	at org.apache.ibatis.session.defaults.DefaultSqlSession.selectOne(DefaultSqlSession.java:75) ~[mybatis-3.5.15.jar!/:3.5.15]
	at sun.reflect.NativeMethodAccessorImpl.invoke0(Native Method) ~[na:1.8.0_144]
	at sun.reflect.NativeMethodAccessorImpl.invoke(Unknown Source) ~[na:1.8.0_144]
	at sun.reflect.DelegatingMethodAccessorImpl.invoke(Unknown Source) ~[na:1.8.0_144]
	at java.lang.reflect.Method.invoke(Unknown Source) ~[na:1.8.0_144]
	at org.mybatis.spring.SqlSessionTemplate$SqlSessionInterceptor.invoke(SqlSessionTemplate.java:425) ~[mybatis-spring-2.1.2.jar!/:2.1.2]
	... 76 common frames omitted
Caused by: org.springframework.jdbc.CannotGetJdbcConnectionException: Failed to obtain JDBC Connection; nested exception is dm.jdbc.driver.DMException: 网络通信异常
	at org.springframework.jdbc.datasource.DataSourceUtils.getConnection(DataSourceUtils.java:84) ~[spring-jdbc-5.3.31.jar!/:5.3.31]
	at org.mybatis.spring.transaction.SpringManagedTransaction.openConnection(SpringManagedTransaction.java:80) ~[mybatis-spring-2.1.2.jar!/:2.1.2]
	at org.mybatis.spring.transaction.SpringManagedTransaction.getConnection(SpringManagedTransaction.java:67) ~[mybatis-spring-2.1.2.jar!/:2.1.2]
	at org.apache.ibatis.executor.BaseExecutor.getConnection(BaseExecutor.java:348) ~[mybatis-3.5.15.jar!/:3.5.15]
	at org.apache.ibatis.executor.SimpleExecutor.prepareStatement(SimpleExecutor.java:89) ~[mybatis-3.5.15.jar!/:3.5.15]
	at org.apache.ibatis.executor.SimpleExecutor.doQuery(SimpleExecutor.java:64) ~[mybatis-3.5.15.jar!/:3.5.15]
	at org.apache.ibatis.executor.BaseExecutor.queryFromDatabase(BaseExecutor.java:336) ~[mybatis-3.5.15.jar!/:3.5.15]
	at org.apache.ibatis.executor.BaseExecutor.query(BaseExecutor.java:158) ~[mybatis-3.5.15.jar!/:3.5.15]
	at org.apache.ibatis.executor.CachingExecutor.query(CachingExecutor.java:110) ~[mybatis-3.5.15.jar!/:3.5.15]
	at com.baomidou.mybatisplus.extension.plugins.MybatisPlusInterceptor.intercept(MybatisPlusInterceptor.java:81) ~[mybatis-plus-extension-3.5.5.jar!/:3.5.5]
	at org.apache.ibatis.plugin.Plugin.invoke(Plugin.java:59) ~[mybatis-3.5.15.jar!/:3.5.15]
	at com.sun.proxy.$Proxy105.query(Unknown Source) ~[na:na]
	at org.apache.ibatis.session.defaults.DefaultSqlSession.selectList(DefaultSqlSession.java:154) ~[mybatis-3.5.15.jar!/:3.5.15]
	... 84 common frames omitted
Caused by: dm.jdbc.driver.DMException: 网络通信异常
	at dm.jdbc.driver.DBError.throwException(SourceFile:801) ~[DmJdbcDriver18-8.1.3.140.jar!/:na]
	at dm.jdbc.a.a.a(SourceFile:274) ~[DmJdbcDriver18-8.1.3.140.jar!/:na]
	at dm.jdbc.a.a.e(SourceFile:655) ~[DmJdbcDriver18-8.1.3.140.jar!/:na]
	at dm.jdbc.driver.DmdbConnection.openConnection(SourceFile:691) ~[DmJdbcDriver18-8.1.3.140.jar!/:na]
	at dm.jdbc.internal.conf.EP.connect(SourceFile:143) ~[DmJdbcDriver18-8.1.3.140.jar!/:na]
	at dm.jdbc.internal.conf.EPGroup$EPSelector.select(SourceFile:485) ~[DmJdbcDriver18-8.1.3.140.jar!/:na]
	at dm.jdbc.internal.conf.EPGroup.connect(SourceFile:329) ~[DmJdbcDriver18-8.1.3.140.jar!/:na]
	at dm.jdbc.driver.DmDriver.do_connect(SourceFile:164) ~[DmJdbcDriver18-8.1.3.140.jar!/:na]
	at dm.jdbc.driver.DmDriver.connect(SourceFile:450) ~[DmJdbcDriver18-8.1.3.140.jar!/:na]
	at com.zaxxer.hikari.util.DriverDataSource.getConnection(DriverDataSource.java:138) ~[HikariCP-4.0.3.jar!/:na]
	at com.zaxxer.hikari.pool.PoolBase.newConnection(PoolBase.java:364) ~[HikariCP-4.0.3.jar!/:na]
	at com.zaxxer.hikari.pool.PoolBase.newPoolEntry(PoolBase.java:206) ~[HikariCP-4.0.3.jar!/:na]
	at com.zaxxer.hikari.pool.HikariPool.createPoolEntry(HikariPool.java:476) ~[HikariCP-4.0.3.jar!/:na]
	at com.zaxxer.hikari.pool.HikariPool.checkFailFast(HikariPool.java:561) ~[HikariCP-4.0.3.jar!/:na]
	at com.zaxxer.hikari.pool.HikariPool.<init>(HikariPool.java:115) ~[HikariCP-4.0.3.jar!/:na]
	at com.zaxxer.hikari.HikariDataSource.getConnection(HikariDataSource.java:112) ~[HikariCP-4.0.3.jar!/:na]
	at com.baomidou.dynamic.datasource.ds.ItemDataSource.getConnection(ItemDataSource.java:56) ~[dynamic-datasource-spring-boot-starter-3.6.1.jar!/:3.6.1]
	at com.baomidou.dynamic.datasource.ds.AbstractRoutingDataSource.getConnection(AbstractRoutingDataSource.java:55) ~[dynamic-datasource-spring-boot-starter-3.6.1.jar!/:3.6.1]
	at org.springframework.jdbc.datasource.DataSourceUtils.fetchConnection(DataSourceUtils.java:160) ~[spring-jdbc-5.3.31.jar!/:5.3.31]
	at org.springframework.jdbc.datasource.DataSourceUtils.doGetConnection(DataSourceUtils.java:118) ~[spring-jdbc-5.3.31.jar!/:5.3.31]
	at org.springframework.jdbc.datasource.DataSourceUtils.getConnection(DataSourceUtils.java:81) ~[spring-jdbc-5.3.31.jar!/:5.3.31]
	... 96 common frames omitted
Caused by: java.net.SocketTimeoutException: Read timed out
	at java.net.SocketInputStream.socketRead0(Native Method) ~[na:1.8.0_144]
	at java.net.SocketInputStream.socketRead(Unknown Source) ~[na:1.8.0_144]
	at java.net.SocketInputStream.read(Unknown Source) ~[na:1.8.0_144]
	at java.net.SocketInputStream.read(Unknown Source) ~[na:1.8.0_144]
	at dm.jdbc.util.buffer.ByteArrayNode.load(SourceFile:129) ~[DmJdbcDriver18-8.1.3.140.jar!/:na]
	at dm.jdbc.util.buffer.Buffer.load(SourceFile:365) ~[DmJdbcDriver18-8.1.3.140.jar!/:na]
	at dm.jdbc.a.c.a(SourceFile:208) ~[DmJdbcDriver18-8.1.3.140.jar!/:na]
	at dm.jdbc.a.a.e(SourceFile:389) ~[DmJdbcDriver18-8.1.3.140.jar!/:na]
	at dm.jdbc.a.a.a(SourceFile:263) ~[DmJdbcDriver18-8.1.3.140.jar!/:na]
	... 115 common frames omitted

2026-09-12 13:06:25.529  INFO 25700 --- [nio-8081-exec-6] com.zaxxer.hikari.HikariDataSource       : doctor - Starting...
2026-09-12 13:06:31.616 ERROR 25700 --- [nio-8081-exec-6] com.zaxxer.hikari.pool.HikariPool        : doctor - Exception during pool initialization.

dm.jdbc.driver.DMException: 网络通信异常
	at dm.jdbc.driver.DBError.throwException(SourceFile:801) ~[DmJdbcDriver18-8.1.3.140.jar!/:na]
	at dm.jdbc.a.a.a(SourceFile:274) ~[DmJdbcDriver18-8.1.3.140.jar!/:na]
	at dm.jdbc.a.a.e(SourceFile:655) ~[DmJdbcDriver18-8.1.3.140.jar!/:na]
	at dm.jdbc.driver.DmdbConnection.openConnection(SourceFile:691) ~[DmJdbcDriver18-8.1.3.140.jar!/:na]
	at dm.jdbc.internal.conf.EP.connect(SourceFile:143) ~[DmJdbcDriver18-8.1.3.140.jar!/:na]
	at dm.jdbc.internal.conf.EPGroup$EPSelector.select(SourceFile:485) ~[DmJdbcDriver18-8.1.3.140.jar!/:na]
	at dm.jdbc.internal.conf.EPGroup.connect(SourceFile:329) ~[DmJdbcDriver18-8.1.3.140.jar!/:na]
	at dm.jdbc.driver.DmDriver.do_connect(SourceFile:164) ~[DmJdbcDriver18-8.1.3.140.jar!/:na]
	at dm.jdbc.driver.DmDriver.connect(SourceFile:450) ~[DmJdbcDriver18-8.1.3.140.jar!/:na]
	at com.zaxxer.hikari.util.DriverDataSource.getConnection(DriverDataSource.java:138) ~[HikariCP-4.0.3.jar!/:na]
	at com.zaxxer.hikari.pool.PoolBase.newConnection(PoolBase.java:364) ~[HikariCP-4.0.3.jar!/:na]
	at com.zaxxer.hikari.pool.PoolBase.newPoolEntry(PoolBase.java:206) ~[HikariCP-4.0.3.jar!/:na]
	at com.zaxxer.hikari.pool.HikariPool.createPoolEntry(HikariPool.java:476) [HikariCP-4.0.3.jar!/:na]
	at com.zaxxer.hikari.pool.HikariPool.checkFailFast(HikariPool.java:561) [HikariCP-4.0.3.jar!/:na]
	at com.zaxxer.hikari.pool.HikariPool.<init>(HikariPool.java:115) [HikariCP-4.0.3.jar!/:na]
	at com.zaxxer.hikari.HikariDataSource.getConnection(HikariDataSource.java:112) [HikariCP-4.0.3.jar!/:na]
	at com.baomidou.dynamic.datasource.ds.ItemDataSource.getConnection(ItemDataSource.java:56) [dynamic-datasource-spring-boot-starter-3.6.1.jar!/:3.6.1]
	at com.baomidou.dynamic.datasource.ds.AbstractRoutingDataSource.getConnection(AbstractRoutingDataSource.java:55) [dynamic-datasource-spring-boot-starter-3.6.1.jar!/:3.6.1]
	at org.springframework.jdbc.datasource.DataSourceUtils.fetchConnection(DataSourceUtils.java:160) [spring-jdbc-5.3.31.jar!/:5.3.31]
	at org.springframework.jdbc.datasource.DataSourceUtils.doGetConnection(DataSourceUtils.java:118) [spring-jdbc-5.3.31.jar!/:5.3.31]
	at org.springframework.jdbc.datasource.DataSourceUtils.getConnection(DataSourceUtils.java:81) [spring-jdbc-5.3.31.jar!/:5.3.31]
	at org.mybatis.spring.transaction.SpringManagedTransaction.openConnection(SpringManagedTransaction.java:80) [mybatis-spring-2.1.2.jar!/:2.1.2]
	at org.mybatis.spring.transaction.SpringManagedTransaction.getConnection(SpringManagedTransaction.java:67) [mybatis-spring-2.1.2.jar!/:2.1.2]
	at org.apache.ibatis.executor.BaseExecutor.getConnection(BaseExecutor.java:348) [mybatis-3.5.15.jar!/:3.5.15]
	at org.apache.ibatis.executor.SimpleExecutor.prepareStatement(SimpleExecutor.java:89) [mybatis-3.5.15.jar!/:3.5.15]
	at org.apache.ibatis.executor.SimpleExecutor.doQuery(SimpleExecutor.java:64) [mybatis-3.5.15.jar!/:3.5.15]
	at org.apache.ibatis.executor.BaseExecutor.queryFromDatabase(BaseExecutor.java:336) [mybatis-3.5.15.jar!/:3.5.15]
	at org.apache.ibatis.executor.BaseExecutor.query(BaseExecutor.java:158) [mybatis-3.5.15.jar!/:3.5.15]
	at org.apache.ibatis.executor.CachingExecutor.query(CachingExecutor.java:110) [mybatis-3.5.15.jar!/:3.5.15]
	at com.baomidou.mybatisplus.extension.plugins.MybatisPlusInterceptor.intercept(MybatisPlusInterceptor.java:81) [mybatis-plus-extension-3.5.5.jar!/:3.5.5]
	at org.apache.ibatis.plugin.Plugin.invoke(Plugin.java:59) [mybatis-3.5.15.jar!/:3.5.15]
	at com.sun.proxy.$Proxy105.query(Unknown Source) [na:na]
	at org.apache.ibatis.session.defaults.DefaultSqlSession.selectList(DefaultSqlSession.java:154) [mybatis-3.5.15.jar!/:3.5.15]
	at org.apache.ibatis.session.defaults.DefaultSqlSession.selectList(DefaultSqlSession.java:147) [mybatis-3.5.15.jar!/:3.5.15]
	at org.apache.ibatis.session.defaults.DefaultSqlSession.selectList(DefaultSqlSession.java:142) [mybatis-3.5.15.jar!/:3.5.15]
	at sun.reflect.NativeMethodAccessorImpl.invoke0(Native Method) ~[na:1.8.0_144]
	at sun.reflect.NativeMethodAccessorImpl.invoke(Unknown Source) ~[na:1.8.0_144]
	at sun.reflect.DelegatingMethodAccessorImpl.invoke(Unknown Source) ~[na:1.8.0_144]
	at java.lang.reflect.Method.invoke(Unknown Source) ~[na:1.8.0_144]
	at org.mybatis.spring.SqlSessionTemplate$SqlSessionInterceptor.invoke(SqlSessionTemplate.java:425) [mybatis-spring-2.1.2.jar!/:2.1.2]
	at com.sun.proxy.$Proxy69.selectList(Unknown Source) [na:na]
	at org.mybatis.spring.SqlSessionTemplate.selectList(SqlSessionTemplate.java:224) [mybatis-spring-2.1.2.jar!/:2.1.2]
	at com.baomidou.mybatisplus.core.override.MybatisMapperMethod.executeForMany(MybatisMapperMethod.java:164) [mybatis-plus-core-3.5.5.jar!/:3.5.5]
	at com.baomidou.mybatisplus.core.override.MybatisMapperMethod.execute(MybatisMapperMethod.java:77) [mybatis-plus-core-3.5.5.jar!/:3.5.5]
	at com.baomidou.mybatisplus.core.override.MybatisMapperProxy$PlainMethodInvoker.invoke(MybatisMapperProxy.java:152) [mybatis-plus-core-3.5.5.jar!/:3.5.5]
	at com.baomidou.mybatisplus.core.override.MybatisMapperProxy.invoke(MybatisMapperProxy.java:89) [mybatis-plus-core-3.5.5.jar!/:3.5.5]
	at com.sun.proxy.$Proxy94.selectRecordList(Unknown Source) [na:na]
	at com.zing.doctor.module.sofa.service.impl.SofaServiceImpl.listByPatient(SofaServiceImpl.java:949) [classes!/:1.0.0]
	at com.zing.doctor.module.sofa.service.impl.SofaServiceImpl$$FastClassBySpringCGLIB$$55201874.invoke(<generated>) [classes!/:1.0.0]
	at org.springframework.cglib.proxy.MethodProxy.invoke(MethodProxy.java:218) [spring-core-5.3.31.jar!/:5.3.31]
	at org.springframework.aop.framework.CglibAopProxy.invokeMethod(CglibAopProxy.java:386) [spring-aop-5.3.31.jar!/:5.3.31]
	at org.springframework.aop.framework.CglibAopProxy.access$000(CglibAopProxy.java:85) [spring-aop-5.3.31.jar!/:5.3.31]
	at org.springframework.aop.framework.CglibAopProxy$DynamicAdvisedInterceptor.intercept(CglibAopProxy.java:703) [spring-aop-5.3.31.jar!/:5.3.31]
	at com.zing.doctor.module.sofa.service.impl.SofaServiceImpl$$EnhancerBySpringCGLIB$$8b2e5ffc.listByPatient(<generated>) [classes!/:1.0.0]
	at com.zing.doctor.module.sofa.controller.SofaController.records(SofaController.java:87) [classes!/:1.0.0]
	at sun.reflect.NativeMethodAccessorImpl.invoke0(Native Method) ~[na:1.8.0_144]
	at sun.reflect.NativeMethodAccessorImpl.invoke(Unknown Source) ~[na:1.8.0_144]
	at sun.reflect.DelegatingMethodAccessorImpl.invoke(Unknown Source) ~[na:1.8.0_144]
	at java.lang.reflect.Method.invoke(Unknown Source) ~[na:1.8.0_144]
	at org.springframework.web.method.support.InvocableHandlerMethod.doInvoke(InvocableHandlerMethod.java:205) [spring-web-5.3.31.jar!/:5.3.31]
	at org.springframework.web.method.support.InvocableHandlerMethod.invokeForRequest(InvocableHandlerMethod.java:150) [spring-web-5.3.31.jar!/:5.3.31]
	at org.springframework.web.servlet.mvc.method.annotation.ServletInvocableHandlerMethod.invokeAndHandle(ServletInvocableHandlerMethod.java:117) [spring-webmvc-5.3.31.jar!/:5.3.31]
	at org.springframework.web.servlet.mvc.method.annotation.RequestMappingHandlerAdapter.invokeHandlerMethod(RequestMappingHandlerAdapter.java:895) [spring-webmvc-5.3.31.jar!/:5.3.31]
	at org.springframework.web.servlet.mvc.method.annotation.RequestMappingHandlerAdapter.handleInternal(RequestMappingHandlerAdapter.java:808) [spring-webmvc-5.3.31.jar!/:5.3.31]
	at org.springframework.web.servlet.mvc.method.AbstractHandlerMethodAdapter.handle(AbstractHandlerMethodAdapter.java:87) [spring-webmvc-5.3.31.jar!/:5.3.31]
	at org.springframework.web.servlet.DispatcherServlet.doDispatch(DispatcherServlet.java:1072) [spring-webmvc-5.3.31.jar!/:5.3.31]
	at org.springframework.web.servlet.DispatcherServlet.doService(DispatcherServlet.java:965) [spring-webmvc-5.3.31.jar!/:5.3.31]
	at org.springframework.web.servlet.FrameworkServlet.processRequest(FrameworkServlet.java:1006) [spring-webmvc-5.3.31.jar!/:5.3.31]
	at org.springframework.web.servlet.FrameworkServlet.doGet(FrameworkServlet.java:898) [spring-webmvc-5.3.31.jar!/:5.3.31]
	at javax.servlet.http.HttpServlet.service(HttpServlet.java:529) [tomcat-embed-core-9.0.83.jar!/:na]
	at org.springframework.web.servlet.FrameworkServlet.service(FrameworkServlet.java:883) [spring-webmvc-5.3.31.jar!/:5.3.31]
	at javax.servlet.http.HttpServlet.service(HttpServlet.java:623) [tomcat-embed-core-9.0.83.jar!/:na]
	at org.apache.catalina.core.ApplicationFilterChain.internalDoFilter(ApplicationFilterChain.java:209) [tomcat-embed-core-9.0.83.jar!/:na]
	at org.apache.catalina.core.ApplicationFilterChain.doFilter(ApplicationFilterChain.java:153) [tomcat-embed-core-9.0.83.jar!/:na]
	at org.apache.tomcat.websocket.server.WsFilter.doFilter(WsFilter.java:51) [tomcat-embed-websocket-9.0.83.jar!/:na]
	at org.apache.catalina.core.ApplicationFilterChain.internalDoFilter(ApplicationFilterChain.java:178) [tomcat-embed-core-9.0.83.jar!/:na]
	at org.apache.catalina.core.ApplicationFilterChain.doFilter(ApplicationFilterChain.java:153) [tomcat-embed-core-9.0.83.jar!/:na]
	at org.springframework.web.filter.RequestContextFilter.doFilterInternal(RequestContextFilter.java:100) [spring-web-5.3.31.jar!/:5.3.31]
	at org.springframework.web.filter.OncePerRequestFilter.doFilter(OncePerRequestFilter.java:117) [spring-web-5.3.31.jar!/:5.3.31]
	at org.apache.catalina.core.ApplicationFilterChain.internalDoFilter(ApplicationFilterChain.java:178) [tomcat-embed-core-9.0.83.jar!/:na]
	at org.apache.catalina.core.ApplicationFilterChain.doFilter(ApplicationFilterChain.java:153) [tomcat-embed-core-9.0.83.jar!/:na]
	at org.springframework.web.filter.FormContentFilter.doFilterInternal(FormContentFilter.java:93) [spring-web-5.3.31.jar!/:5.3.31]
	at org.springframework.web.filter.OncePerRequestFilter.doFilter(OncePerRequestFilter.java:117) [spring-web-5.3.31.jar!/:5.3.31]
	at org.apache.catalina.core.ApplicationFilterChain.internalDoFilter(ApplicationFilterChain.java:178) [tomcat-embed-core-9.0.83.jar!/:na]
	at org.apache.catalina.core.ApplicationFilterChain.doFilter(ApplicationFilterChain.java:153) [tomcat-embed-core-9.0.83.jar!/:na]
	at org.springframework.web.filter.CharacterEncodingFilter.doFilterInternal(CharacterEncodingFilter.java:201) [spring-web-5.3.31.jar!/:5.3.31]
	at org.springframework.web.filter.OncePerRequestFilter.doFilter(OncePerRequestFilter.java:117) [spring-web-5.3.31.jar!/:5.3.31]
	at org.apache.catalina.core.ApplicationFilterChain.internalDoFilter(ApplicationFilterChain.java:178) [tomcat-embed-core-9.0.83.jar!/:na]
	at org.apache.catalina.core.ApplicationFilterChain.doFilter(ApplicationFilterChain.java:153) [tomcat-embed-core-9.0.83.jar!/:na]
	at org.apache.catalina.core.StandardWrapperValve.invoke(StandardWrapperValve.java:168) [tomcat-embed-core-9.0.83.jar!/:na]
	at org.apache.catalina.core.StandardContextValve.invoke(StandardContextValve.java:90) [tomcat-embed-core-9.0.83.jar!/:na]
	at org.apache.catalina.authenticator.AuthenticatorBase.invoke(AuthenticatorBase.java:481) [tomcat-embed-core-9.0.83.jar!/:na]
	at org.apache.catalina.core.StandardHostValve.invoke(StandardHostValve.java:130) [tomcat-embed-core-9.0.83.jar!/:na]
	at org.apache.catalina.valves.ErrorReportValve.invoke(ErrorReportValve.java:93) [tomcat-embed-core-9.0.83.jar!/:na]
	at org.apache.catalina.core.StandardEngineValve.invoke(StandardEngineValve.java:74) [tomcat-embed-core-9.0.83.jar!/:na]
	at org.apache.catalina.connector.CoyoteAdapter.service(CoyoteAdapter.java:342) [tomcat-embed-core-9.0.83.jar!/:na]
	at org.apache.coyote.http11.Http11Processor.service(Http11Processor.java:390) [tomcat-embed-core-9.0.83.jar!/:na]
	at org.apache.coyote.AbstractProcessorLight.process(AbstractProcessorLight.java:63) [tomcat-embed-core-9.0.83.jar!/:na]
	at org.apache.coyote.AbstractProtocol$ConnectionHandler.process(AbstractProtocol.java:928) [tomcat-embed-core-9.0.83.jar!/:na]
	at org.apache.tomcat.util.net.NioEndpoint$SocketProcessor.doRun(NioEndpoint.java:1794) [tomcat-embed-core-9.0.83.jar!/:na]
	at org.apache.tomcat.util.net.SocketProcessorBase.run(SocketProcessorBase.java:52) [tomcat-embed-core-9.0.83.jar!/:na]
	at org.apache.tomcat.util.threads.ThreadPoolExecutor.runWorker(ThreadPoolExecutor.java:1191) [tomcat-embed-core-9.0.83.jar!/:na]
	at org.apache.tomcat.util.threads.ThreadPoolExecutor$Worker.run(ThreadPoolExecutor.java:659) [tomcat-embed-core-9.0.83.jar!/:na]
	at org.apache.tomcat.util.threads.TaskThread$WrappingRunnable.run(TaskThread.java:61) [tomcat-embed-core-9.0.83.jar!/:na]
	at java.lang.Thread.run(Unknown Source) [na:1.8.0_144]
Caused by: java.net.SocketTimeoutException: Read timed out
	at java.net.SocketInputStream.socketRead0(Native Method) ~[na:1.8.0_144]
	at java.net.SocketInputStream.socketRead(Unknown Source) ~[na:1.8.0_144]
	at java.net.SocketInputStream.read(Unknown Source) ~[na:1.8.0_144]
	at java.net.SocketInputStream.read(Unknown Source) ~[na:1.8.0_144]
	at dm.jdbc.util.buffer.ByteArrayNode.load(SourceFile:129) ~[DmJdbcDriver18-8.1.3.140.jar!/:na]
	at dm.jdbc.util.buffer.Buffer.load(SourceFile:365) ~[DmJdbcDriver18-8.1.3.140.jar!/:na]
	at dm.jdbc.a.c.a(SourceFile:208) ~[DmJdbcDriver18-8.1.3.140.jar!/:na]
	at dm.jdbc.a.a.e(SourceFile:389) ~[DmJdbcDriver18-8.1.3.140.jar!/:na]
	at dm.jdbc.a.a.a(SourceFile:263) ~[DmJdbcDriver18-8.1.3.140.jar!/:na]
	... 103 common frames omitted

2026-09-12 13:06:31.650 ERROR 25700 --- [nio-8081-exec-6] c.z.d.m.sofa.controller.SofaController   : SOFA 历史查询失败: inHospitalNo=NO20260901001

org.mybatis.spring.MyBatisSystemException: nested exception is org.apache.ibatis.exceptions.PersistenceException: 
### Error querying database.  Cause: org.springframework.jdbc.CannotGetJdbcConnectionException: Failed to obtain JDBC Connection; nested exception is dm.jdbc.driver.DMException: 网络通信异常
### The error may exist in com/zing/doctor/module/sofa/mapper/SofaScoreRecordMapper.java (best guess)
### The error may involve com.zing.doctor.module.sofa.mapper.SofaScoreRecordMapper.selectRecordList
### The error occurred while executing a query
### Cause: org.springframework.jdbc.CannotGetJdbcConnectionException: Failed to obtain JDBC Connection; nested exception is dm.jdbc.driver.DMException: 网络通信异常
	at org.mybatis.spring.MyBatisExceptionTranslator.translateExceptionIfPossible(MyBatisExceptionTranslator.java:97) ~[mybatis-spring-2.1.2.jar!/:2.1.2]
	at org.mybatis.spring.SqlSessionTemplate$SqlSessionInterceptor.invoke(SqlSessionTemplate.java:439) ~[mybatis-spring-2.1.2.jar!/:2.1.2]
	at com.sun.proxy.$Proxy69.selectList(Unknown Source) ~[na:na]
	at org.mybatis.spring.SqlSessionTemplate.selectList(SqlSessionTemplate.java:224) ~[mybatis-spring-2.1.2.jar!/:2.1.2]
	at com.baomidou.mybatisplus.core.override.MybatisMapperMethod.executeForMany(MybatisMapperMethod.java:164) ~[mybatis-plus-core-3.5.5.jar!/:3.5.5]
	at com.baomidou.mybatisplus.core.override.MybatisMapperMethod.execute(MybatisMapperMethod.java:77) ~[mybatis-plus-core-3.5.5.jar!/:3.5.5]
	at com.baomidou.mybatisplus.core.override.MybatisMapperProxy$PlainMethodInvoker.invoke(MybatisMapperProxy.java:152) ~[mybatis-plus-core-3.5.5.jar!/:3.5.5]
	at com.baomidou.mybatisplus.core.override.MybatisMapperProxy.invoke(MybatisMapperProxy.java:89) ~[mybatis-plus-core-3.5.5.jar!/:3.5.5]
	at com.sun.proxy.$Proxy94.selectRecordList(Unknown Source) ~[na:na]
	at com.zing.doctor.module.sofa.service.impl.SofaServiceImpl.listByPatient(SofaServiceImpl.java:949) ~[classes!/:1.0.0]
	at com.zing.doctor.module.sofa.service.impl.SofaServiceImpl$$FastClassBySpringCGLIB$$55201874.invoke(<generated>) ~[classes!/:1.0.0]
	at org.springframework.cglib.proxy.MethodProxy.invoke(MethodProxy.java:218) ~[spring-core-5.3.31.jar!/:5.3.31]
	at org.springframework.aop.framework.CglibAopProxy.invokeMethod(CglibAopProxy.java:386) ~[spring-aop-5.3.31.jar!/:5.3.31]
	at org.springframework.aop.framework.CglibAopProxy.access$000(CglibAopProxy.java:85) ~[spring-aop-5.3.31.jar!/:5.3.31]
	at org.springframework.aop.framework.CglibAopProxy$DynamicAdvisedInterceptor.intercept(CglibAopProxy.java:703) ~[spring-aop-5.3.31.jar!/:5.3.31]
	at com.zing.doctor.module.sofa.service.impl.SofaServiceImpl$$EnhancerBySpringCGLIB$$8b2e5ffc.listByPatient(<generated>) ~[classes!/:1.0.0]
	at com.zing.doctor.module.sofa.controller.SofaController.records(SofaController.java:87) ~[classes!/:1.0.0]
	at sun.reflect.NativeMethodAccessorImpl.invoke0(Native Method) ~[na:1.8.0_144]
	at sun.reflect.NativeMethodAccessorImpl.invoke(Unknown Source) ~[na:1.8.0_144]
	at sun.reflect.DelegatingMethodAccessorImpl.invoke(Unknown Source) ~[na:1.8.0_144]
	at java.lang.reflect.Method.invoke(Unknown Source) ~[na:1.8.0_144]
	at org.springframework.web.method.support.InvocableHandlerMethod.doInvoke(InvocableHandlerMethod.java:205) [spring-web-5.3.31.jar!/:5.3.31]
	at org.springframework.web.method.support.InvocableHandlerMethod.invokeForRequest(InvocableHandlerMethod.java:150) [spring-web-5.3.31.jar!/:5.3.31]
	at org.springframework.web.servlet.mvc.method.annotation.ServletInvocableHandlerMethod.invokeAndHandle(ServletInvocableHandlerMethod.java:117) [spring-webmvc-5.3.31.jar!/:5.3.31]
	at org.springframework.web.servlet.mvc.method.annotation.RequestMappingHandlerAdapter.invokeHandlerMethod(RequestMappingHandlerAdapter.java:895) [spring-webmvc-5.3.31.jar!/:5.3.31]
	at org.springframework.web.servlet.mvc.method.annotation.RequestMappingHandlerAdapter.handleInternal(RequestMappingHandlerAdapter.java:808) [spring-webmvc-5.3.31.jar!/:5.3.31]
	at org.springframework.web.servlet.mvc.method.AbstractHandlerMethodAdapter.handle(AbstractHandlerMethodAdapter.java:87) [spring-webmvc-5.3.31.jar!/:5.3.31]
	at org.springframework.web.servlet.DispatcherServlet.doDispatch(DispatcherServlet.java:1072) [spring-webmvc-5.3.31.jar!/:5.3.31]
	at org.springframework.web.servlet.DispatcherServlet.doService(DispatcherServlet.java:965) [spring-webmvc-5.3.31.jar!/:5.3.31]
	at org.springframework.web.servlet.FrameworkServlet.processRequest(FrameworkServlet.java:1006) [spring-webmvc-5.3.31.jar!/:5.3.31]
	at org.springframework.web.servlet.FrameworkServlet.doGet(FrameworkServlet.java:898) [spring-webmvc-5.3.31.jar!/:5.3.31]
	at javax.servlet.http.HttpServlet.service(HttpServlet.java:529) [tomcat-embed-core-9.0.83.jar!/:na]
	at org.springframework.web.servlet.FrameworkServlet.service(FrameworkServlet.java:883) [spring-webmvc-5.3.31.jar!/:5.3.31]
	at javax.servlet.http.HttpServlet.service(HttpServlet.java:623) [tomcat-embed-core-9.0.83.jar!/:na]
	at org.apache.catalina.core.ApplicationFilterChain.internalDoFilter(ApplicationFilterChain.java:209) [tomcat-embed-core-9.0.83.jar!/:na]
	at org.apache.catalina.core.ApplicationFilterChain.doFilter(ApplicationFilterChain.java:153) [tomcat-embed-core-9.0.83.jar!/:na]
	at org.apache.tomcat.websocket.server.WsFilter.doFilter(WsFilter.java:51) [tomcat-embed-websocket-9.0.83.jar!/:na]
	at org.apache.catalina.core.ApplicationFilterChain.internalDoFilter(ApplicationFilterChain.java:178) [tomcat-embed-core-9.0.83.jar!/:na]
	at org.apache.catalina.core.ApplicationFilterChain.doFilter(ApplicationFilterChain.java:153) [tomcat-embed-core-9.0.83.jar!/:na]
	at org.springframework.web.filter.RequestContextFilter.doFilterInternal(RequestContextFilter.java:100) [spring-web-5.3.31.jar!/:5.3.31]
	at org.springframework.web.filter.OncePerRequestFilter.doFilter(OncePerRequestFilter.java:117) [spring-web-5.3.31.jar!/:5.3.31]
	at org.apache.catalina.core.ApplicationFilterChain.internalDoFilter(ApplicationFilterChain.java:178) [tomcat-embed-core-9.0.83.jar!/:na]
	at org.apache.catalina.core.ApplicationFilterChain.doFilter(ApplicationFilterChain.java:153) [tomcat-embed-core-9.0.83.jar!/:na]
	at org.springframework.web.filter.FormContentFilter.doFilterInternal(FormContentFilter.java:93) [spring-web-5.3.31.jar!/:5.3.31]
	at org.springframework.web.filter.OncePerRequestFilter.doFilter(OncePerRequestFilter.java:117) [spring-web-5.3.31.jar!/:5.3.31]
	at org.apache.catalina.core.ApplicationFilterChain.internalDoFilter(ApplicationFilterChain.java:178) [tomcat-embed-core-9.0.83.jar!/:na]
	at org.apache.catalina.core.ApplicationFilterChain.doFilter(ApplicationFilterChain.java:153) [tomcat-embed-core-9.0.83.jar!/:na]
	at org.springframework.web.filter.CharacterEncodingFilter.doFilterInternal(CharacterEncodingFilter.java:201) [spring-web-5.3.31.jar!/:5.3.31]
	at org.springframework.web.filter.OncePerRequestFilter.doFilter(OncePerRequestFilter.java:117) [spring-web-5.3.31.jar!/:5.3.31]
	at org.apache.catalina.core.ApplicationFilterChain.internalDoFilter(ApplicationFilterChain.java:178) [tomcat-embed-core-9.0.83.jar!/:na]
	at org.apache.catalina.core.ApplicationFilterChain.doFilter(ApplicationFilterChain.java:153) [tomcat-embed-core-9.0.83.jar!/:na]
	at org.apache.catalina.core.StandardWrapperValve.invoke(StandardWrapperValve.java:168) [tomcat-embed-core-9.0.83.jar!/:na]
	at org.apache.catalina.core.StandardContextValve.invoke(StandardContextValve.java:90) [tomcat-embed-core-9.0.83.jar!/:na]
	at org.apache.catalina.authenticator.AuthenticatorBase.invoke(AuthenticatorBase.java:481) [tomcat-embed-core-9.0.83.jar!/:na]
	at org.apache.catalina.core.StandardHostValve.invoke(StandardHostValve.java:130) [tomcat-embed-core-9.0.83.jar!/:na]
	at org.apache.catalina.valves.ErrorReportValve.invoke(ErrorReportValve.java:93) [tomcat-embed-core-9.0.83.jar!/:na]
	at org.apache.catalina.core.StandardEngineValve.invoke(StandardEngineValve.java:74) [tomcat-embed-core-9.0.83.jar!/:na]
	at org.apache.catalina.connector.CoyoteAdapter.service(CoyoteAdapter.java:342) [tomcat-embed-core-9.0.83.jar!/:na]
	at org.apache.coyote.http11.Http11Processor.service(Http11Processor.java:390) [tomcat-embed-core-9.0.83.jar!/:na]
	at org.apache.coyote.AbstractProcessorLight.process(AbstractProcessorLight.java:63) [tomcat-embed-core-9.0.83.jar!/:na]
	at org.apache.coyote.AbstractProtocol$ConnectionHandler.process(AbstractProtocol.java:928) [tomcat-embed-core-9.0.83.jar!/:na]
	at org.apache.tomcat.util.net.NioEndpoint$SocketProcessor.doRun(NioEndpoint.java:1794) [tomcat-embed-core-9.0.83.jar!/:na]
	at org.apache.tomcat.util.net.SocketProcessorBase.run(SocketProcessorBase.java:52) [tomcat-embed-core-9.0.83.jar!/:na]
	at org.apache.tomcat.util.threads.ThreadPoolExecutor.runWorker(ThreadPoolExecutor.java:1191) [tomcat-embed-core-9.0.83.jar!/:na]
	at org.apache.tomcat.util.threads.ThreadPoolExecutor$Worker.run(ThreadPoolExecutor.java:659) [tomcat-embed-core-9.0.83.jar!/:na]
	at org.apache.tomcat.util.threads.TaskThread$WrappingRunnable.run(TaskThread.java:61) [tomcat-embed-core-9.0.83.jar!/:na]
	at java.lang.Thread.run(Unknown Source) [na:1.8.0_144]
Caused by: org.apache.ibatis.exceptions.PersistenceException: 
### Error querying database.  Cause: org.springframework.jdbc.CannotGetJdbcConnectionException: Failed to obtain JDBC Connection; nested exception is dm.jdbc.driver.DMException: 网络通信异常
### The error may exist in com/zing/doctor/module/sofa/mapper/SofaScoreRecordMapper.java (best guess)
### The error may involve com.zing.doctor.module.sofa.mapper.SofaScoreRecordMapper.selectRecordList
### The error occurred while executing a query
### Cause: org.springframework.jdbc.CannotGetJdbcConnectionException: Failed to obtain JDBC Connection; nested exception is dm.jdbc.driver.DMException: 网络通信异常
	at org.apache.ibatis.exceptions.ExceptionFactory.wrapException(ExceptionFactory.java:30) ~[mybatis-3.5.15.jar!/:3.5.15]
	at org.apache.ibatis.session.defaults.DefaultSqlSession.selectList(DefaultSqlSession.java:156) ~[mybatis-3.5.15.jar!/:3.5.15]
	at org.apache.ibatis.session.defaults.DefaultSqlSession.selectList(DefaultSqlSession.java:147) ~[mybatis-3.5.15.jar!/:3.5.15]
	at org.apache.ibatis.session.defaults.DefaultSqlSession.selectList(DefaultSqlSession.java:142) ~[mybatis-3.5.15.jar!/:3.5.15]
	at sun.reflect.NativeMethodAccessorImpl.invoke0(Native Method) ~[na:1.8.0_144]
	at sun.reflect.NativeMethodAccessorImpl.invoke(Unknown Source) ~[na:1.8.0_144]
	at sun.reflect.DelegatingMethodAccessorImpl.invoke(Unknown Source) ~[na:1.8.0_144]
	at java.lang.reflect.Method.invoke(Unknown Source) ~[na:1.8.0_144]
	at org.mybatis.spring.SqlSessionTemplate$SqlSessionInterceptor.invoke(SqlSessionTemplate.java:425) ~[mybatis-spring-2.1.2.jar!/:2.1.2]
	... 65 common frames omitted
Caused by: org.springframework.jdbc.CannotGetJdbcConnectionException: Failed to obtain JDBC Connection; nested exception is dm.jdbc.driver.DMException: 网络通信异常
	at org.springframework.jdbc.datasource.DataSourceUtils.getConnection(DataSourceUtils.java:84) ~[spring-jdbc-5.3.31.jar!/:5.3.31]
	at org.mybatis.spring.transaction.SpringManagedTransaction.openConnection(SpringManagedTransaction.java:80) ~[mybatis-spring-2.1.2.jar!/:2.1.2]
	at org.mybatis.spring.transaction.SpringManagedTransaction.getConnection(SpringManagedTransaction.java:67) ~[mybatis-spring-2.1.2.jar!/:2.1.2]
	at org.apache.ibatis.executor.BaseExecutor.getConnection(BaseExecutor.java:348) ~[mybatis-3.5.15.jar!/:3.5.15]
	at org.apache.ibatis.executor.SimpleExecutor.prepareStatement(SimpleExecutor.java:89) ~[mybatis-3.5.15.jar!/:3.5.15]
	at org.apache.ibatis.executor.SimpleExecutor.doQuery(SimpleExecutor.java:64) ~[mybatis-3.5.15.jar!/:3.5.15]
	at org.apache.ibatis.executor.BaseExecutor.queryFromDatabase(BaseExecutor.java:336) ~[mybatis-3.5.15.jar!/:3.5.15]
	at org.apache.ibatis.executor.BaseExecutor.query(BaseExecutor.java:158) ~[mybatis-3.5.15.jar!/:3.5.15]
	at org.apache.ibatis.executor.CachingExecutor.query(CachingExecutor.java:110) ~[mybatis-3.5.15.jar!/:3.5.15]
	at com.baomidou.mybatisplus.extension.plugins.MybatisPlusInterceptor.intercept(MybatisPlusInterceptor.java:81) ~[mybatis-plus-extension-3.5.5.jar!/:3.5.5]
	at org.apache.ibatis.plugin.Plugin.invoke(Plugin.java:59) ~[mybatis-3.5.15.jar!/:3.5.15]
	at com.sun.proxy.$Proxy105.query(Unknown Source) ~[na:na]
	at org.apache.ibatis.session.defaults.DefaultSqlSession.selectList(DefaultSqlSession.java:154) ~[mybatis-3.5.15.jar!/:3.5.15]
	... 72 common frames omitted
Caused by: dm.jdbc.driver.DMException: 网络通信异常
	at dm.jdbc.driver.DBError.throwException(SourceFile:801) ~[DmJdbcDriver18-8.1.3.140.jar!/:na]
	at dm.jdbc.a.a.a(SourceFile:274) ~[DmJdbcDriver18-8.1.3.140.jar!/:na]
	at dm.jdbc.a.a.e(SourceFile:655) ~[DmJdbcDriver18-8.1.3.140.jar!/:na]
	at dm.jdbc.driver.DmdbConnection.openConnection(SourceFile:691) ~[DmJdbcDriver18-8.1.3.140.jar!/:na]
	at dm.jdbc.internal.conf.EP.connect(SourceFile:143) ~[DmJdbcDriver18-8.1.3.140.jar!/:na]
	at dm.jdbc.internal.conf.EPGroup$EPSelector.select(SourceFile:485) ~[DmJdbcDriver18-8.1.3.140.jar!/:na]
	at dm.jdbc.internal.conf.EPGroup.connect(SourceFile:329) ~[DmJdbcDriver18-8.1.3.140.jar!/:na]
	at dm.jdbc.driver.DmDriver.do_connect(SourceFile:164) ~[DmJdbcDriver18-8.1.3.140.jar!/:na]
	at dm.jdbc.driver.DmDriver.connect(SourceFile:450) ~[DmJdbcDriver18-8.1.3.140.jar!/:na]
	at com.zaxxer.hikari.util.DriverDataSource.getConnection(DriverDataSource.java:138) ~[HikariCP-4.0.3.jar!/:na]
	at com.zaxxer.hikari.pool.PoolBase.newConnection(PoolBase.java:364) ~[HikariCP-4.0.3.jar!/:na]
	at com.zaxxer.hikari.pool.PoolBase.newPoolEntry(PoolBase.java:206) ~[HikariCP-4.0.3.jar!/:na]
	at com.zaxxer.hikari.pool.HikariPool.createPoolEntry(HikariPool.java:476) ~[HikariCP-4.0.3.jar!/:na]
	at com.zaxxer.hikari.pool.HikariPool.checkFailFast(HikariPool.java:561) ~[HikariCP-4.0.3.jar!/:na]
	at com.zaxxer.hikari.pool.HikariPool.<init>(HikariPool.java:115) ~[HikariCP-4.0.3.jar!/:na]
	at com.zaxxer.hikari.HikariDataSource.getConnection(HikariDataSource.java:112) ~[HikariCP-4.0.3.jar!/:na]
	at com.baomidou.dynamic.datasource.ds.ItemDataSource.getConnection(ItemDataSource.java:56) ~[dynamic-datasource-spring-boot-starter-3.6.1.jar!/:3.6.1]
	at com.baomidou.dynamic.datasource.ds.AbstractRoutingDataSource.getConnection(AbstractRoutingDataSource.java:55) ~[dynamic-datasource-spring-boot-starter-3.6.1.jar!/:3.6.1]
	at org.springframework.jdbc.datasource.DataSourceUtils.fetchConnection(DataSourceUtils.java:160) ~[spring-jdbc-5.3.31.jar!/:5.3.31]
	at org.springframework.jdbc.datasource.DataSourceUtils.doGetConnection(DataSourceUtils.java:118) ~[spring-jdbc-5.3.31.jar!/:5.3.31]
	at org.springframework.jdbc.datasource.DataSourceUtils.getConnection(DataSourceUtils.java:81) ~[spring-jdbc-5.3.31.jar!/:5.3.31]
	... 84 common frames omitted
Caused by: java.net.SocketTimeoutException: Read timed out
	at java.net.SocketInputStream.socketRead0(Native Method) ~[na:1.8.0_144]
	at java.net.SocketInputStream.socketRead(Unknown Source) ~[na:1.8.0_144]
	at java.net.SocketInputStream.read(Unknown Source) ~[na:1.8.0_144]
	at java.net.SocketInputStream.read(Unknown Source) ~[na:1.8.0_144]
	at dm.jdbc.util.buffer.ByteArrayNode.load(SourceFile:129) ~[DmJdbcDriver18-8.1.3.140.jar!/:na]
	at dm.jdbc.util.buffer.Buffer.load(SourceFile:365) ~[DmJdbcDriver18-8.1.3.140.jar!/:na]
	at dm.jdbc.a.c.a(SourceFile:208) ~[DmJdbcDriver18-8.1.3.140.jar!/:na]
	at dm.jdbc.a.a.e(SourceFile:389) ~[DmJdbcDriver18-8.1.3.140.jar!/:na]
	at dm.jdbc.a.a.a(SourceFile:263) ~[DmJdbcDriver18-8.1.3.140.jar!/:na]
	... 103 common frames omitted

2026-09-12 13:08:50.593  INFO 25700 --- [nio-8081-exec-7] com.zaxxer.hikari.HikariDataSource       : icu - Starting...
2026-09-12 13:08:56.628 ERROR 25700 --- [nio-8081-exec-7] com.zaxxer.hikari.pool.HikariPool        : icu - Exception during pool initialization.

dm.jdbc.driver.DMException: 网络通信异常
	at dm.jdbc.driver.DBError.throwException(SourceFile:801) ~[DmJdbcDriver18-8.1.3.140.jar!/:na]
	at dm.jdbc.a.a.a(SourceFile:274) ~[DmJdbcDriver18-8.1.3.140.jar!/:na]
	at dm.jdbc.a.a.e(SourceFile:655) ~[DmJdbcDriver18-8.1.3.140.jar!/:na]
	at dm.jdbc.driver.DmdbConnection.openConnection(SourceFile:691) ~[DmJdbcDriver18-8.1.3.140.jar!/:na]
	at dm.jdbc.internal.conf.EP.connect(SourceFile:143) ~[DmJdbcDriver18-8.1.3.140.jar!/:na]
	at dm.jdbc.internal.conf.EPGroup$EPSelector.select(SourceFile:485) ~[DmJdbcDriver18-8.1.3.140.jar!/:na]
	at dm.jdbc.internal.conf.EPGroup.connect(SourceFile:329) ~[DmJdbcDriver18-8.1.3.140.jar!/:na]
	at dm.jdbc.driver.DmDriver.do_connect(SourceFile:164) ~[DmJdbcDriver18-8.1.3.140.jar!/:na]
	at dm.jdbc.driver.DmDriver.connect(SourceFile:450) ~[DmJdbcDriver18-8.1.3.140.jar!/:na]
	at com.zaxxer.hikari.util.DriverDataSource.getConnection(DriverDataSource.java:138) ~[HikariCP-4.0.3.jar!/:na]
	at com.zaxxer.hikari.pool.PoolBase.newConnection(PoolBase.java:364) ~[HikariCP-4.0.3.jar!/:na]
	at com.zaxxer.hikari.pool.PoolBase.newPoolEntry(PoolBase.java:206) ~[HikariCP-4.0.3.jar!/:na]
	at com.zaxxer.hikari.pool.HikariPool.createPoolEntry(HikariPool.java:476) [HikariCP-4.0.3.jar!/:na]
	at com.zaxxer.hikari.pool.HikariPool.checkFailFast(HikariPool.java:561) [HikariCP-4.0.3.jar!/:na]
	at com.zaxxer.hikari.pool.HikariPool.<init>(HikariPool.java:115) [HikariCP-4.0.3.jar!/:na]
	at com.zaxxer.hikari.HikariDataSource.getConnection(HikariDataSource.java:112) [HikariCP-4.0.3.jar!/:na]
	at com.baomidou.dynamic.datasource.ds.ItemDataSource.getConnection(ItemDataSource.java:56) [dynamic-datasource-spring-boot-starter-3.6.1.jar!/:3.6.1]
	at com.baomidou.dynamic.datasource.ds.AbstractRoutingDataSource.getConnection(AbstractRoutingDataSource.java:55) [dynamic-datasource-spring-boot-starter-3.6.1.jar!/:3.6.1]
	at org.springframework.jdbc.datasource.DataSourceUtils.fetchConnection(DataSourceUtils.java:160) [spring-jdbc-5.3.31.jar!/:5.3.31]
	at org.springframework.jdbc.datasource.DataSourceUtils.doGetConnection(DataSourceUtils.java:118) [spring-jdbc-5.3.31.jar!/:5.3.31]
	at org.springframework.jdbc.datasource.DataSourceUtils.getConnection(DataSourceUtils.java:81) [spring-jdbc-5.3.31.jar!/:5.3.31]
	at org.mybatis.spring.transaction.SpringManagedTransaction.openConnection(SpringManagedTransaction.java:80) [mybatis-spring-2.1.2.jar!/:2.1.2]
	at org.mybatis.spring.transaction.SpringManagedTransaction.getConnection(SpringManagedTransaction.java:67) [mybatis-spring-2.1.2.jar!/:2.1.2]
	at org.apache.ibatis.executor.BaseExecutor.getConnection(BaseExecutor.java:348) [mybatis-3.5.15.jar!/:3.5.15]
	at org.apache.ibatis.executor.SimpleExecutor.prepareStatement(SimpleExecutor.java:89) [mybatis-3.5.15.jar!/:3.5.15]
	at org.apache.ibatis.executor.SimpleExecutor.doQuery(SimpleExecutor.java:64) [mybatis-3.5.15.jar!/:3.5.15]
	at org.apache.ibatis.executor.BaseExecutor.queryFromDatabase(BaseExecutor.java:336) [mybatis-3.5.15.jar!/:3.5.15]
	at org.apache.ibatis.executor.BaseExecutor.query(BaseExecutor.java:158) [mybatis-3.5.15.jar!/:3.5.15]
	at org.apache.ibatis.executor.CachingExecutor.query(CachingExecutor.java:110) [mybatis-3.5.15.jar!/:3.5.15]
	at com.baomidou.mybatisplus.extension.plugins.MybatisPlusInterceptor.intercept(MybatisPlusInterceptor.java:81) [mybatis-plus-extension-3.5.5.jar!/:3.5.5]
	at org.apache.ibatis.plugin.Plugin.invoke(Plugin.java:59) [mybatis-3.5.15.jar!/:3.5.15]
	at com.sun.proxy.$Proxy105.query(Unknown Source) [na:na]
	at org.apache.ibatis.session.defaults.DefaultSqlSession.selectList(DefaultSqlSession.java:154) [mybatis-3.5.15.jar!/:3.5.15]
	at org.apache.ibatis.session.defaults.DefaultSqlSession.selectList(DefaultSqlSession.java:147) [mybatis-3.5.15.jar!/:3.5.15]
	at org.apache.ibatis.session.defaults.DefaultSqlSession.selectList(DefaultSqlSession.java:142) [mybatis-3.5.15.jar!/:3.5.15]
	at org.apache.ibatis.session.defaults.DefaultSqlSession.selectOne(DefaultSqlSession.java:75) [mybatis-3.5.15.jar!/:3.5.15]
	at sun.reflect.NativeMethodAccessorImpl.invoke0(Native Method) ~[na:1.8.0_144]
	at sun.reflect.NativeMethodAccessorImpl.invoke(Unknown Source) ~[na:1.8.0_144]
	at sun.reflect.DelegatingMethodAccessorImpl.invoke(Unknown Source) ~[na:1.8.0_144]
	at java.lang.reflect.Method.invoke(Unknown Source) ~[na:1.8.0_144]
	at org.mybatis.spring.SqlSessionTemplate$SqlSessionInterceptor.invoke(SqlSessionTemplate.java:425) [mybatis-spring-2.1.2.jar!/:2.1.2]
	at com.sun.proxy.$Proxy69.selectOne(Unknown Source) [na:na]
	at org.mybatis.spring.SqlSessionTemplate.selectOne(SqlSessionTemplate.java:160) [mybatis-spring-2.1.2.jar!/:2.1.2]
	at com.baomidou.mybatisplus.core.override.MybatisMapperMethod.execute(MybatisMapperMethod.java:87) [mybatis-plus-core-3.5.5.jar!/:3.5.5]
	at com.baomidou.mybatisplus.core.override.MybatisMapperProxy$PlainMethodInvoker.invoke(MybatisMapperProxy.java:152) [mybatis-plus-core-3.5.5.jar!/:3.5.5]
	at com.baomidou.mybatisplus.core.override.MybatisMapperProxy.invoke(MybatisMapperProxy.java:89) [mybatis-plus-core-3.5.5.jar!/:3.5.5]
	at com.sun.proxy.$Proxy81.selectPatientByInHospitalNo(Unknown Source) [na:na]
	at sun.reflect.NativeMethodAccessorImpl.invoke0(Native Method) ~[na:1.8.0_144]
	at sun.reflect.NativeMethodAccessorImpl.invoke(Unknown Source) ~[na:1.8.0_144]
	at sun.reflect.DelegatingMethodAccessorImpl.invoke(Unknown Source) ~[na:1.8.0_144]
	at java.lang.reflect.Method.invoke(Unknown Source) ~[na:1.8.0_144]
	at org.springframework.aop.support.AopUtils.invokeJoinpointUsingReflection(AopUtils.java:344) [spring-aop-5.3.31.jar!/:5.3.31]
	at org.springframework.aop.framework.ReflectiveMethodInvocation.invokeJoinpoint(ReflectiveMethodInvocation.java:198) [spring-aop-5.3.31.jar!/:5.3.31]
	at org.springframework.aop.framework.ReflectiveMethodInvocation.proceed(ReflectiveMethodInvocation.java:163) [spring-aop-5.3.31.jar!/:5.3.31]
	at com.baomidou.dynamic.datasource.aop.DynamicDataSourceAnnotationInterceptor.invoke(DynamicDataSourceAnnotationInterceptor.java:50) [dynamic-datasource-spring-boot-starter-3.6.1.jar!/:3.6.1]
	at org.springframework.aop.framework.ReflectiveMethodInvocation.proceed(ReflectiveMethodInvocation.java:186) [spring-aop-5.3.31.jar!/:5.3.31]
	at org.springframework.aop.framework.JdkDynamicAopProxy.invoke(JdkDynamicAopProxy.java:241) [spring-aop-5.3.31.jar!/:5.3.31]
	at com.sun.proxy.$Proxy82.selectPatientByInHospitalNo(Unknown Source) [na:na]
	at com.zing.doctor.module.sofa.service.impl.SofaServiceImpl.resolvePatientId(SofaServiceImpl.java:304) [classes!/:1.0.0]
	at com.zing.doctor.module.sofa.service.impl.SofaServiceImpl.getAssessmentByInHospitalNo(SofaServiceImpl.java:295) [classes!/:1.0.0]
	at com.zing.doctor.module.sofa.service.impl.SofaServiceImpl$$FastClassBySpringCGLIB$$55201874.invoke(<generated>) [classes!/:1.0.0]
	at org.springframework.cglib.proxy.MethodProxy.invoke(MethodProxy.java:218) [spring-core-5.3.31.jar!/:5.3.31]
	at org.springframework.aop.framework.CglibAopProxy.invokeMethod(CglibAopProxy.java:386) [spring-aop-5.3.31.jar!/:5.3.31]
	at org.springframework.aop.framework.CglibAopProxy.access$000(CglibAopProxy.java:85) [spring-aop-5.3.31.jar!/:5.3.31]
	at org.springframework.aop.framework.CglibAopProxy$DynamicAdvisedInterceptor.intercept(CglibAopProxy.java:703) [spring-aop-5.3.31.jar!/:5.3.31]
	at com.zing.doctor.module.sofa.service.impl.SofaServiceImpl$$EnhancerBySpringCGLIB$$8b2e5ffc.getAssessmentByInHospitalNo(<generated>) [classes!/:1.0.0]
	at com.zing.doctor.module.sofa.controller.SofaController.assessmentByNo(SofaController.java:58) [classes!/:1.0.0]
	at sun.reflect.NativeMethodAccessorImpl.invoke0(Native Method) ~[na:1.8.0_144]
	at sun.reflect.NativeMethodAccessorImpl.invoke(Unknown Source) ~[na:1.8.0_144]
	at sun.reflect.DelegatingMethodAccessorImpl.invoke(Unknown Source) ~[na:1.8.0_144]
	at java.lang.reflect.Method.invoke(Unknown Source) ~[na:1.8.0_144]
	at org.springframework.web.method.support.InvocableHandlerMethod.doInvoke(InvocableHandlerMethod.java:205) [spring-web-5.3.31.jar!/:5.3.31]
	at org.springframework.web.method.support.InvocableHandlerMethod.invokeForRequest(InvocableHandlerMethod.java:150) [spring-web-5.3.31.jar!/:5.3.31]
	at org.springframework.web.servlet.mvc.method.annotation.ServletInvocableHandlerMethod.invokeAndHandle(ServletInvocableHandlerMethod.java:117) [spring-webmvc-5.3.31.jar!/:5.3.31]
	at org.springframework.web.servlet.mvc.method.annotation.RequestMappingHandlerAdapter.invokeHandlerMethod(RequestMappingHandlerAdapter.java:895) [spring-webmvc-5.3.31.jar!/:5.3.31]
	at org.springframework.web.servlet.mvc.method.annotation.RequestMappingHandlerAdapter.handleInternal(RequestMappingHandlerAdapter.java:808) [spring-webmvc-5.3.31.jar!/:5.3.31]
	at org.springframework.web.servlet.mvc.method.AbstractHandlerMethodAdapter.handle(AbstractHandlerMethodAdapter.java:87) [spring-webmvc-5.3.31.jar!/:5.3.31]
	at org.springframework.web.servlet.DispatcherServlet.doDispatch(DispatcherServlet.java:1072) [spring-webmvc-5.3.31.jar!/:5.3.31]
	at org.springframework.web.servlet.DispatcherServlet.doService(DispatcherServlet.java:965) [spring-webmvc-5.3.31.jar!/:5.3.31]
	at org.springframework.web.servlet.FrameworkServlet.processRequest(FrameworkServlet.java:1006) [spring-webmvc-5.3.31.jar!/:5.3.31]
	at org.springframework.web.servlet.FrameworkServlet.doGet(FrameworkServlet.java:898) [spring-webmvc-5.3.31.jar!/:5.3.31]
	at javax.servlet.http.HttpServlet.service(HttpServlet.java:529) [tomcat-embed-core-9.0.83.jar!/:na]
	at org.springframework.web.servlet.FrameworkServlet.service(FrameworkServlet.java:883) [spring-webmvc-5.3.31.jar!/:5.3.31]
	at javax.servlet.http.HttpServlet.service(HttpServlet.java:623) [tomcat-embed-core-9.0.83.jar!/:na]
	at org.apache.catalina.core.ApplicationFilterChain.internalDoFilter(ApplicationFilterChain.java:209) [tomcat-embed-core-9.0.83.jar!/:na]
	at org.apache.catalina.core.ApplicationFilterChain.doFilter(ApplicationFilterChain.java:153) [tomcat-embed-core-9.0.83.jar!/:na]
	at org.apache.tomcat.websocket.server.WsFilter.doFilter(WsFilter.java:51) [tomcat-embed-websocket-9.0.83.jar!/:na]
	at org.apache.catalina.core.ApplicationFilterChain.internalDoFilter(ApplicationFilterChain.java:178) [tomcat-embed-core-9.0.83.jar!/:na]
	at org.apache.catalina.core.ApplicationFilterChain.doFilter(ApplicationFilterChain.java:153) [tomcat-embed-core-9.0.83.jar!/:na]
	at org.springframework.web.filter.RequestContextFilter.doFilterInternal(RequestContextFilter.java:100) [spring-web-5.3.31.jar!/:5.3.31]
	at org.springframework.web.filter.OncePerRequestFilter.doFilter(OncePerRequestFilter.java:117) [spring-web-5.3.31.jar!/:5.3.31]
	at org.apache.catalina.core.ApplicationFilterChain.internalDoFilter(ApplicationFilterChain.java:178) [tomcat-embed-core-9.0.83.jar!/:na]
	at org.apache.catalina.core.ApplicationFilterChain.doFilter(ApplicationFilterChain.java:153) [tomcat-embed-core-9.0.83.jar!/:na]
	at org.springframework.web.filter.FormContentFilter.doFilterInternal(FormContentFilter.java:93) [spring-web-5.3.31.jar!/:5.3.31]
	at org.springframework.web.filter.OncePerRequestFilter.doFilter(OncePerRequestFilter.java:117) [spring-web-5.3.31.jar!/:5.3.31]
	at org.apache.catalina.core.ApplicationFilterChain.internalDoFilter(ApplicationFilterChain.java:178) [tomcat-embed-core-9.0.83.jar!/:na]
	at org.apache.catalina.core.ApplicationFilterChain.doFilter(ApplicationFilterChain.java:153) [tomcat-embed-core-9.0.83.jar!/:na]
	at org.springframework.web.filter.CharacterEncodingFilter.doFilterInternal(CharacterEncodingFilter.java:201) [spring-web-5.3.31.jar!/:5.3.31]
	at org.springframework.web.filter.OncePerRequestFilter.doFilter(OncePerRequestFilter.java:117) [spring-web-5.3.31.jar!/:5.3.31]
	at org.apache.catalina.core.ApplicationFilterChain.internalDoFilter(ApplicationFilterChain.java:178) [tomcat-embed-core-9.0.83.jar!/:na]
	at org.apache.catalina.core.ApplicationFilterChain.doFilter(ApplicationFilterChain.java:153) [tomcat-embed-core-9.0.83.jar!/:na]
	at org.apache.catalina.core.StandardWrapperValve.invoke(StandardWrapperValve.java:168) [tomcat-embed-core-9.0.83.jar!/:na]
	at org.apache.catalina.core.StandardContextValve.invoke(StandardContextValve.java:90) [tomcat-embed-core-9.0.83.jar!/:na]
	at org.apache.catalina.authenticator.AuthenticatorBase.invoke(AuthenticatorBase.java:481) [tomcat-embed-core-9.0.83.jar!/:na]
	at org.apache.catalina.core.StandardHostValve.invoke(StandardHostValve.java:130) [tomcat-embed-core-9.0.83.jar!/:na]
	at org.apache.catalina.valves.ErrorReportValve.invoke(ErrorReportValve.java:93) [tomcat-embed-core-9.0.83.jar!/:na]
	at org.apache.catalina.core.StandardEngineValve.invoke(StandardEngineValve.java:74) [tomcat-embed-core-9.0.83.jar!/:na]
	at org.apache.catalina.connector.CoyoteAdapter.service(CoyoteAdapter.java:342) [tomcat-embed-core-9.0.83.jar!/:na]
	at org.apache.coyote.http11.Http11Processor.service(Http11Processor.java:390) [tomcat-embed-core-9.0.83.jar!/:na]
	at org.apache.coyote.AbstractProcessorLight.process(AbstractProcessorLight.java:63) [tomcat-embed-core-9.0.83.jar!/:na]
	at org.apache.coyote.AbstractProtocol$ConnectionHandler.process(AbstractProtocol.java:928) [tomcat-embed-core-9.0.83.jar!/:na]
	at org.apache.tomcat.util.net.NioEndpoint$SocketProcessor.doRun(NioEndpoint.java:1794) [tomcat-embed-core-9.0.83.jar!/:na]
	at org.apache.tomcat.util.net.SocketProcessorBase.run(SocketProcessorBase.java:52) [tomcat-embed-core-9.0.83.jar!/:na]
	at org.apache.tomcat.util.threads.ThreadPoolExecutor.runWorker(ThreadPoolExecutor.java:1191) [tomcat-embed-core-9.0.83.jar!/:na]
	at org.apache.tomcat.util.threads.ThreadPoolExecutor$Worker.run(ThreadPoolExecutor.java:659) [tomcat-embed-core-9.0.83.jar!/:na]
	at org.apache.tomcat.util.threads.TaskThread$WrappingRunnable.run(TaskThread.java:61) [tomcat-embed-core-9.0.83.jar!/:na]
	at java.lang.Thread.run(Unknown Source) [na:1.8.0_144]
Caused by: java.net.SocketTimeoutException: Read timed out
	at java.net.SocketInputStream.socketRead0(Native Method) ~[na:1.8.0_144]
	at java.net.SocketInputStream.socketRead(Unknown Source) ~[na:1.8.0_144]
	at java.net.SocketInputStream.read(Unknown Source) ~[na:1.8.0_144]
	at java.net.SocketInputStream.read(Unknown Source) ~[na:1.8.0_144]
	at dm.jdbc.util.buffer.ByteArrayNode.load(SourceFile:129) ~[DmJdbcDriver18-8.1.3.140.jar!/:na]
	at dm.jdbc.util.buffer.Buffer.load(SourceFile:365) ~[DmJdbcDriver18-8.1.3.140.jar!/:na]
	at dm.jdbc.a.c.a(SourceFile:208) ~[DmJdbcDriver18-8.1.3.140.jar!/:na]
	at dm.jdbc.a.a.e(SourceFile:389) ~[DmJdbcDriver18-8.1.3.140.jar!/:na]
	at dm.jdbc.a.a.a(SourceFile:263) ~[DmJdbcDriver18-8.1.3.140.jar!/:na]
	... 115 common frames omitted

2026-09-12 13:08:56.675 ERROR 25700 --- [nio-8081-exec-7] c.z.d.m.sofa.controller.SofaController   : SOFA 评估失败: inHospitalNo=NO20260901001

org.mybatis.spring.MyBatisSystemException: nested exception is org.apache.ibatis.exceptions.PersistenceException: 
### Error querying database.  Cause: org.springframework.jdbc.CannotGetJdbcConnectionException: Failed to obtain JDBC Connection; nested exception is dm.jdbc.driver.DMException: 网络通信异常
### The error may exist in com/zing/doctor/icu/mapper/IcuPatientMapper.java (best guess)
### The error may involve com.zing.doctor.icu.mapper.IcuPatientMapper.selectPatientByInHospitalNo
### The error occurred while executing a query
### Cause: org.springframework.jdbc.CannotGetJdbcConnectionException: Failed to obtain JDBC Connection; nested exception is dm.jdbc.driver.DMException: 网络通信异常
	at org.mybatis.spring.MyBatisExceptionTranslator.translateExceptionIfPossible(MyBatisExceptionTranslator.java:97) ~[mybatis-spring-2.1.2.jar!/:2.1.2]
	at org.mybatis.spring.SqlSessionTemplate$SqlSessionInterceptor.invoke(SqlSessionTemplate.java:439) ~[mybatis-spring-2.1.2.jar!/:2.1.2]
	at com.sun.proxy.$Proxy69.selectOne(Unknown Source) ~[na:na]
	at org.mybatis.spring.SqlSessionTemplate.selectOne(SqlSessionTemplate.java:160) ~[mybatis-spring-2.1.2.jar!/:2.1.2]
	at com.baomidou.mybatisplus.core.override.MybatisMapperMethod.execute(MybatisMapperMethod.java:87) ~[mybatis-plus-core-3.5.5.jar!/:3.5.5]
	at com.baomidou.mybatisplus.core.override.MybatisMapperProxy$PlainMethodInvoker.invoke(MybatisMapperProxy.java:152) ~[mybatis-plus-core-3.5.5.jar!/:3.5.5]
	at com.baomidou.mybatisplus.core.override.MybatisMapperProxy.invoke(MybatisMapperProxy.java:89) ~[mybatis-plus-core-3.5.5.jar!/:3.5.5]
	at com.sun.proxy.$Proxy81.selectPatientByInHospitalNo(Unknown Source) ~[na:na]
	at sun.reflect.NativeMethodAccessorImpl.invoke0(Native Method) ~[na:1.8.0_144]
	at sun.reflect.NativeMethodAccessorImpl.invoke(Unknown Source) ~[na:1.8.0_144]
	at sun.reflect.DelegatingMethodAccessorImpl.invoke(Unknown Source) ~[na:1.8.0_144]
	at java.lang.reflect.Method.invoke(Unknown Source) ~[na:1.8.0_144]
	at org.springframework.aop.support.AopUtils.invokeJoinpointUsingReflection(AopUtils.java:344) ~[spring-aop-5.3.31.jar!/:5.3.31]
	at org.springframework.aop.framework.ReflectiveMethodInvocation.invokeJoinpoint(ReflectiveMethodInvocation.java:198) ~[spring-aop-5.3.31.jar!/:5.3.31]
	at org.springframework.aop.framework.ReflectiveMethodInvocation.proceed(ReflectiveMethodInvocation.java:163) ~[spring-aop-5.3.31.jar!/:5.3.31]
	at com.baomidou.dynamic.datasource.aop.DynamicDataSourceAnnotationInterceptor.invoke(DynamicDataSourceAnnotationInterceptor.java:50) ~[dynamic-datasource-spring-boot-starter-3.6.1.jar!/:3.6.1]
	at org.springframework.aop.framework.ReflectiveMethodInvocation.proceed(ReflectiveMethodInvocation.java:186) ~[spring-aop-5.3.31.jar!/:5.3.31]
	at org.springframework.aop.framework.JdkDynamicAopProxy.invoke(JdkDynamicAopProxy.java:241) ~[spring-aop-5.3.31.jar!/:5.3.31]
	at com.sun.proxy.$Proxy82.selectPatientByInHospitalNo(Unknown Source) ~[na:na]
	at com.zing.doctor.module.sofa.service.impl.SofaServiceImpl.resolvePatientId(SofaServiceImpl.java:304) ~[classes!/:1.0.0]
	at com.zing.doctor.module.sofa.service.impl.SofaServiceImpl.getAssessmentByInHospitalNo(SofaServiceImpl.java:295) ~[classes!/:1.0.0]
	at com.zing.doctor.module.sofa.service.impl.SofaServiceImpl$$FastClassBySpringCGLIB$$55201874.invoke(<generated>) ~[classes!/:1.0.0]
	at org.springframework.cglib.proxy.MethodProxy.invoke(MethodProxy.java:218) ~[spring-core-5.3.31.jar!/:5.3.31]
	at org.springframework.aop.framework.CglibAopProxy.invokeMethod(CglibAopProxy.java:386) ~[spring-aop-5.3.31.jar!/:5.3.31]
	at org.springframework.aop.framework.CglibAopProxy.access$000(CglibAopProxy.java:85) ~[spring-aop-5.3.31.jar!/:5.3.31]
	at org.springframework.aop.framework.CglibAopProxy$DynamicAdvisedInterceptor.intercept(CglibAopProxy.java:703) ~[spring-aop-5.3.31.jar!/:5.3.31]
	at com.zing.doctor.module.sofa.service.impl.SofaServiceImpl$$EnhancerBySpringCGLIB$$8b2e5ffc.getAssessmentByInHospitalNo(<generated>) ~[classes!/:1.0.0]
	at com.zing.doctor.module.sofa.controller.SofaController.assessmentByNo(SofaController.java:58) ~[classes!/:1.0.0]
	at sun.reflect.NativeMethodAccessorImpl.invoke0(Native Method) ~[na:1.8.0_144]
	at sun.reflect.NativeMethodAccessorImpl.invoke(Unknown Source) ~[na:1.8.0_144]
	at sun.reflect.DelegatingMethodAccessorImpl.invoke(Unknown Source) ~[na:1.8.0_144]
	at java.lang.reflect.Method.invoke(Unknown Source) ~[na:1.8.0_144]
	at org.springframework.web.method.support.InvocableHandlerMethod.doInvoke(InvocableHandlerMethod.java:205) [spring-web-5.3.31.jar!/:5.3.31]
	at org.springframework.web.method.support.InvocableHandlerMethod.invokeForRequest(InvocableHandlerMethod.java:150) [spring-web-5.3.31.jar!/:5.3.31]
	at org.springframework.web.servlet.mvc.method.annotation.ServletInvocableHandlerMethod.invokeAndHandle(ServletInvocableHandlerMethod.java:117) [spring-webmvc-5.3.31.jar!/:5.3.31]
	at org.springframework.web.servlet.mvc.method.annotation.RequestMappingHandlerAdapter.invokeHandlerMethod(RequestMappingHandlerAdapter.java:895) [spring-webmvc-5.3.31.jar!/:5.3.31]
	at org.springframework.web.servlet.mvc.method.annotation.RequestMappingHandlerAdapter.handleInternal(RequestMappingHandlerAdapter.java:808) [spring-webmvc-5.3.31.jar!/:5.3.31]
	at org.springframework.web.servlet.mvc.method.AbstractHandlerMethodAdapter.handle(AbstractHandlerMethodAdapter.java:87) [spring-webmvc-5.3.31.jar!/:5.3.31]
	at org.springframework.web.servlet.DispatcherServlet.doDispatch(DispatcherServlet.java:1072) [spring-webmvc-5.3.31.jar!/:5.3.31]
	at org.springframework.web.servlet.DispatcherServlet.doService(DispatcherServlet.java:965) [spring-webmvc-5.3.31.jar!/:5.3.31]
	at org.springframework.web.servlet.FrameworkServlet.processRequest(FrameworkServlet.java:1006) [spring-webmvc-5.3.31.jar!/:5.3.31]
	at org.springframework.web.servlet.FrameworkServlet.doGet(FrameworkServlet.java:898) [spring-webmvc-5.3.31.jar!/:5.3.31]
	at javax.servlet.http.HttpServlet.service(HttpServlet.java:529) [tomcat-embed-core-9.0.83.jar!/:na]
	at org.springframework.web.servlet.FrameworkServlet.service(FrameworkServlet.java:883) [spring-webmvc-5.3.31.jar!/:5.3.31]
	at javax.servlet.http.HttpServlet.service(HttpServlet.java:623) [tomcat-embed-core-9.0.83.jar!/:na]
	at org.apache.catalina.core.ApplicationFilterChain.internalDoFilter(ApplicationFilterChain.java:209) [tomcat-embed-core-9.0.83.jar!/:na]
	at org.apache.catalina.core.ApplicationFilterChain.doFilter(ApplicationFilterChain.java:153) [tomcat-embed-core-9.0.83.jar!/:na]
	at org.apache.tomcat.websocket.server.WsFilter.doFilter(WsFilter.java:51) [tomcat-embed-websocket-9.0.83.jar!/:na]
	at org.apache.catalina.core.ApplicationFilterChain.internalDoFilter(ApplicationFilterChain.java:178) [tomcat-embed-core-9.0.83.jar!/:na]
	at org.apache.catalina.core.ApplicationFilterChain.doFilter(ApplicationFilterChain.java:153) [tomcat-embed-core-9.0.83.jar!/:na]
	at org.springframework.web.filter.RequestContextFilter.doFilterInternal(RequestContextFilter.java:100) [spring-web-5.3.31.jar!/:5.3.31]
	at org.springframework.web.filter.OncePerRequestFilter.doFilter(OncePerRequestFilter.java:117) [spring-web-5.3.31.jar!/:5.3.31]
	at org.apache.catalina.core.ApplicationFilterChain.internalDoFilter(ApplicationFilterChain.java:178) [tomcat-embed-core-9.0.83.jar!/:na]
	at org.apache.catalina.core.ApplicationFilterChain.doFilter(ApplicationFilterChain.java:153) [tomcat-embed-core-9.0.83.jar!/:na]
	at org.springframework.web.filter.FormContentFilter.doFilterInternal(FormContentFilter.java:93) [spring-web-5.3.31.jar!/:5.3.31]
	at org.springframework.web.filter.OncePerRequestFilter.doFilter(OncePerRequestFilter.java:117) [spring-web-5.3.31.jar!/:5.3.31]
	at org.apache.catalina.core.ApplicationFilterChain.internalDoFilter(ApplicationFilterChain.java:178) [tomcat-embed-core-9.0.83.jar!/:na]
	at org.apache.catalina.core.ApplicationFilterChain.doFilter(ApplicationFilterChain.java:153) [tomcat-embed-core-9.0.83.jar!/:na]
	at org.springframework.web.filter.CharacterEncodingFilter.doFilterInternal(CharacterEncodingFilter.java:201) [spring-web-5.3.31.jar!/:5.3.31]
	at org.springframework.web.filter.OncePerRequestFilter.doFilter(OncePerRequestFilter.java:117) [spring-web-5.3.31.jar!/:5.3.31]
	at org.apache.catalina.core.ApplicationFilterChain.internalDoFilter(ApplicationFilterChain.java:178) [tomcat-embed-core-9.0.83.jar!/:na]
	at org.apache.catalina.core.ApplicationFilterChain.doFilter(ApplicationFilterChain.java:153) [tomcat-embed-core-9.0.83.jar!/:na]
	at org.apache.catalina.core.StandardWrapperValve.invoke(StandardWrapperValve.java:168) [tomcat-embed-core-9.0.83.jar!/:na]
	at org.apache.catalina.core.StandardContextValve.invoke(StandardContextValve.java:90) [tomcat-embed-core-9.0.83.jar!/:na]
	at org.apache.catalina.authenticator.AuthenticatorBase.invoke(AuthenticatorBase.java:481) [tomcat-embed-core-9.0.83.jar!/:na]
	at org.apache.catalina.core.StandardHostValve.invoke(StandardHostValve.java:130) [tomcat-embed-core-9.0.83.jar!/:na]
	at org.apache.catalina.valves.ErrorReportValve.invoke(ErrorReportValve.java:93) [tomcat-embed-core-9.0.83.jar!/:na]
	at org.apache.catalina.core.StandardEngineValve.invoke(StandardEngineValve.java:74) [tomcat-embed-core-9.0.83.jar!/:na]
	at org.apache.catalina.connector.CoyoteAdapter.service(CoyoteAdapter.java:342) [tomcat-embed-core-9.0.83.jar!/:na]
	at org.apache.coyote.http11.Http11Processor.service(Http11Processor.java:390) [tomcat-embed-core-9.0.83.jar!/:na]
	at org.apache.coyote.AbstractProcessorLight.process(AbstractProcessorLight.java:63) [tomcat-embed-core-9.0.83.jar!/:na]
	at org.apache.coyote.AbstractProtocol$ConnectionHandler.process(AbstractProtocol.java:928) [tomcat-embed-core-9.0.83.jar!/:na]
	at org.apache.tomcat.util.net.NioEndpoint$SocketProcessor.doRun(NioEndpoint.java:1794) [tomcat-embed-core-9.0.83.jar!/:na]
	at org.apache.tomcat.util.net.SocketProcessorBase.run(SocketProcessorBase.java:52) [tomcat-embed-core-9.0.83.jar!/:na]
	at org.apache.tomcat.util.threads.ThreadPoolExecutor.runWorker(ThreadPoolExecutor.java:1191) [tomcat-embed-core-9.0.83.jar!/:na]
	at org.apache.tomcat.util.threads.ThreadPoolExecutor$Worker.run(ThreadPoolExecutor.java:659) [tomcat-embed-core-9.0.83.jar!/:na]
	at org.apache.tomcat.util.threads.TaskThread$WrappingRunnable.run(TaskThread.java:61) [tomcat-embed-core-9.0.83.jar!/:na]
	at java.lang.Thread.run(Unknown Source) [na:1.8.0_144]
Caused by: org.apache.ibatis.exceptions.PersistenceException: 
### Error querying database.  Cause: org.springframework.jdbc.CannotGetJdbcConnectionException: Failed to obtain JDBC Connection; nested exception is dm.jdbc.driver.DMException: 网络通信异常
### The error may exist in com/zing/doctor/icu/mapper/IcuPatientMapper.java (best guess)
### The error may involve com.zing.doctor.icu.mapper.IcuPatientMapper.selectPatientByInHospitalNo
### The error occurred while executing a query
### Cause: org.springframework.jdbc.CannotGetJdbcConnectionException: Failed to obtain JDBC Connection; nested exception is dm.jdbc.driver.DMException: 网络通信异常
	at org.apache.ibatis.exceptions.ExceptionFactory.wrapException(ExceptionFactory.java:30) ~[mybatis-3.5.15.jar!/:3.5.15]
	at org.apache.ibatis.session.defaults.DefaultSqlSession.selectList(DefaultSqlSession.java:156) ~[mybatis-3.5.15.jar!/:3.5.15]
	at org.apache.ibatis.session.defaults.DefaultSqlSession.selectList(DefaultSqlSession.java:147) ~[mybatis-3.5.15.jar!/:3.5.15]
	at org.apache.ibatis.session.defaults.DefaultSqlSession.selectList(DefaultSqlSession.java:142) ~[mybatis-3.5.15.jar!/:3.5.15]
	at org.apache.ibatis.session.defaults.DefaultSqlSession.selectOne(DefaultSqlSession.java:75) ~[mybatis-3.5.15.jar!/:3.5.15]
	at sun.reflect.NativeMethodAccessorImpl.invoke0(Native Method) ~[na:1.8.0_144]
	at sun.reflect.NativeMethodAccessorImpl.invoke(Unknown Source) ~[na:1.8.0_144]
	at sun.reflect.DelegatingMethodAccessorImpl.invoke(Unknown Source) ~[na:1.8.0_144]
	at java.lang.reflect.Method.invoke(Unknown Source) ~[na:1.8.0_144]
	at org.mybatis.spring.SqlSessionTemplate$SqlSessionInterceptor.invoke(SqlSessionTemplate.java:425) ~[mybatis-spring-2.1.2.jar!/:2.1.2]
	... 76 common frames omitted
Caused by: org.springframework.jdbc.CannotGetJdbcConnectionException: Failed to obtain JDBC Connection; nested exception is dm.jdbc.driver.DMException: 网络通信异常
	at org.springframework.jdbc.datasource.DataSourceUtils.getConnection(DataSourceUtils.java:84) ~[spring-jdbc-5.3.31.jar!/:5.3.31]
	at org.mybatis.spring.transaction.SpringManagedTransaction.openConnection(SpringManagedTransaction.java:80) ~[mybatis-spring-2.1.2.jar!/:2.1.2]
	at org.mybatis.spring.transaction.SpringManagedTransaction.getConnection(SpringManagedTransaction.java:67) ~[mybatis-spring-2.1.2.jar!/:2.1.2]
	at org.apache.ibatis.executor.BaseExecutor.getConnection(BaseExecutor.java:348) ~[mybatis-3.5.15.jar!/:3.5.15]
	at org.apache.ibatis.executor.SimpleExecutor.prepareStatement(SimpleExecutor.java:89) ~[mybatis-3.5.15.jar!/:3.5.15]
	at org.apache.ibatis.executor.SimpleExecutor.doQuery(SimpleExecutor.java:64) ~[mybatis-3.5.15.jar!/:3.5.15]
	at org.apache.ibatis.executor.BaseExecutor.queryFromDatabase(BaseExecutor.java:336) ~[mybatis-3.5.15.jar!/:3.5.15]
	at org.apache.ibatis.executor.BaseExecutor.query(BaseExecutor.java:158) ~[mybatis-3.5.15.jar!/:3.5.15]
	at org.apache.ibatis.executor.CachingExecutor.query(CachingExecutor.java:110) ~[mybatis-3.5.15.jar!/:3.5.15]
	at com.baomidou.mybatisplus.extension.plugins.MybatisPlusInterceptor.intercept(MybatisPlusInterceptor.java:81) ~[mybatis-plus-extension-3.5.5.jar!/:3.5.5]
	at org.apache.ibatis.plugin.Plugin.invoke(Plugin.java:59) ~[mybatis-3.5.15.jar!/:3.5.15]
	at com.sun.proxy.$Proxy105.query(Unknown Source) ~[na:na]
	at org.apache.ibatis.session.defaults.DefaultSqlSession.selectList(DefaultSqlSession.java:154) ~[mybatis-3.5.15.jar!/:3.5.15]
	... 84 common frames omitted
Caused by: dm.jdbc.driver.DMException: 网络通信异常
	at dm.jdbc.driver.DBError.throwException(SourceFile:801) ~[DmJdbcDriver18-8.1.3.140.jar!/:na]
	at dm.jdbc.a.a.a(SourceFile:274) ~[DmJdbcDriver18-8.1.3.140.jar!/:na]
	at dm.jdbc.a.a.e(SourceFile:655) ~[DmJdbcDriver18-8.1.3.140.jar!/:na]
	at dm.jdbc.driver.DmdbConnection.openConnection(SourceFile:691) ~[DmJdbcDriver18-8.1.3.140.jar!/:na]
	at dm.jdbc.internal.conf.EP.connect(SourceFile:143) ~[DmJdbcDriver18-8.1.3.140.jar!/:na]
	at dm.jdbc.internal.conf.EPGroup$EPSelector.select(SourceFile:485) ~[DmJdbcDriver18-8.1.3.140.jar!/:na]
	at dm.jdbc.internal.conf.EPGroup.connect(SourceFile:329) ~[DmJdbcDriver18-8.1.3.140.jar!/:na]
	at dm.jdbc.driver.DmDriver.do_connect(SourceFile:164) ~[DmJdbcDriver18-8.1.3.140.jar!/:na]
	at dm.jdbc.driver.DmDriver.connect(SourceFile:450) ~[DmJdbcDriver18-8.1.3.140.jar!/:na]
	at com.zaxxer.hikari.util.DriverDataSource.getConnection(DriverDataSource.java:138) ~[HikariCP-4.0.3.jar!/:na]
	at com.zaxxer.hikari.pool.PoolBase.newConnection(PoolBase.java:364) ~[HikariCP-4.0.3.jar!/:na]
	at com.zaxxer.hikari.pool.PoolBase.newPoolEntry(PoolBase.java:206) ~[HikariCP-4.0.3.jar!/:na]
	at com.zaxxer.hikari.pool.HikariPool.createPoolEntry(HikariPool.java:476) ~[HikariCP-4.0.3.jar!/:na]
	at com.zaxxer.hikari.pool.HikariPool.checkFailFast(HikariPool.java:561) ~[HikariCP-4.0.3.jar!/:na]
	at com.zaxxer.hikari.pool.HikariPool.<init>(HikariPool.java:115) ~[HikariCP-4.0.3.jar!/:na]
	at com.zaxxer.hikari.HikariDataSource.getConnection(HikariDataSource.java:112) ~[HikariCP-4.0.3.jar!/:na]
	at com.baomidou.dynamic.datasource.ds.ItemDataSource.getConnection(ItemDataSource.java:56) ~[dynamic-datasource-spring-boot-starter-3.6.1.jar!/:3.6.1]
	at com.baomidou.dynamic.datasource.ds.AbstractRoutingDataSource.getConnection(AbstractRoutingDataSource.java:55) ~[dynamic-datasource-spring-boot-starter-3.6.1.jar!/:3.6.1]
	at org.springframework.jdbc.datasource.DataSourceUtils.fetchConnection(DataSourceUtils.java:160) ~[spring-jdbc-5.3.31.jar!/:5.3.31]
	at org.springframework.jdbc.datasource.DataSourceUtils.doGetConnection(DataSourceUtils.java:118) ~[spring-jdbc-5.3.31.jar!/:5.3.31]
	at org.springframework.jdbc.datasource.DataSourceUtils.getConnection(DataSourceUtils.java:81) ~[spring-jdbc-5.3.31.jar!/:5.3.31]
	... 96 common frames omitted
Caused by: java.net.SocketTimeoutException: Read timed out
	at java.net.SocketInputStream.socketRead0(Native Method) ~[na:1.8.0_144]
	at java.net.SocketInputStream.socketRead(Unknown Source) ~[na:1.8.0_144]
	at java.net.SocketInputStream.read(Unknown Source) ~[na:1.8.0_144]
	at java.net.SocketInputStream.read(Unknown Source) ~[na:1.8.0_144]
	at dm.jdbc.util.buffer.ByteArrayNode.load(SourceFile:129) ~[DmJdbcDriver18-8.1.3.140.jar!/:na]
	at dm.jdbc.util.buffer.Buffer.load(SourceFile:365) ~[DmJdbcDriver18-8.1.3.140.jar!/:na]
	at dm.jdbc.a.c.a(SourceFile:208) ~[DmJdbcDriver18-8.1.3.140.jar!/:na]
	at dm.jdbc.a.a.e(SourceFile:389) ~[DmJdbcDriver18-8.1.3.140.jar!/:na]
	at dm.jdbc.a.a.a(SourceFile:263) ~[DmJdbcDriver18-8.1.3.140.jar!/:na]
	... 115 common frames omitted

2026-09-12 13:08:57.067  INFO 25700 --- [io-8081-exec-10] com.zaxxer.hikari.HikariDataSource       : doctor - Starting...
2026-09-12 13:09:03.111 ERROR 25700 --- [io-8081-exec-10] com.zaxxer.hikari.pool.HikariPool        : doctor - Exception during pool initialization.

dm.jdbc.driver.DMException: 网络通信异常
	at dm.jdbc.driver.DBError.throwException(SourceFile:801) ~[DmJdbcDriver18-8.1.3.140.jar!/:na]
	at dm.jdbc.a.a.a(SourceFile:274) ~[DmJdbcDriver18-8.1.3.140.jar!/:na]
	at dm.jdbc.a.a.e(SourceFile:655) ~[DmJdbcDriver18-8.1.3.140.jar!/:na]
	at dm.jdbc.driver.DmdbConnection.openConnection(SourceFile:691) ~[DmJdbcDriver18-8.1.3.140.jar!/:na]
	at dm.jdbc.internal.conf.EP.connect(SourceFile:143) ~[DmJdbcDriver18-8.1.3.140.jar!/:na]
	at dm.jdbc.internal.conf.EPGroup$EPSelector.select(SourceFile:485) ~[DmJdbcDriver18-8.1.3.140.jar!/:na]
	at dm.jdbc.internal.conf.EPGroup.connect(SourceFile:329) ~[DmJdbcDriver18-8.1.3.140.jar!/:na]
	at dm.jdbc.driver.DmDriver.do_connect(SourceFile:164) ~[DmJdbcDriver18-8.1.3.140.jar!/:na]
	at dm.jdbc.driver.DmDriver.connect(SourceFile:450) ~[DmJdbcDriver18-8.1.3.140.jar!/:na]
	at com.zaxxer.hikari.util.DriverDataSource.getConnection(DriverDataSource.java:138) ~[HikariCP-4.0.3.jar!/:na]
	at com.zaxxer.hikari.pool.PoolBase.newConnection(PoolBase.java:364) ~[HikariCP-4.0.3.jar!/:na]
	at com.zaxxer.hikari.pool.PoolBase.newPoolEntry(PoolBase.java:206) ~[HikariCP-4.0.3.jar!/:na]
	at com.zaxxer.hikari.pool.HikariPool.createPoolEntry(HikariPool.java:476) [HikariCP-4.0.3.jar!/:na]
	at com.zaxxer.hikari.pool.HikariPool.checkFailFast(HikariPool.java:561) [HikariCP-4.0.3.jar!/:na]
	at com.zaxxer.hikari.pool.HikariPool.<init>(HikariPool.java:115) [HikariCP-4.0.3.jar!/:na]
	at com.zaxxer.hikari.HikariDataSource.getConnection(HikariDataSource.java:112) [HikariCP-4.0.3.jar!/:na]
	at com.baomidou.dynamic.datasource.ds.ItemDataSource.getConnection(ItemDataSource.java:56) [dynamic-datasource-spring-boot-starter-3.6.1.jar!/:3.6.1]
	at com.baomidou.dynamic.datasource.ds.AbstractRoutingDataSource.getConnection(AbstractRoutingDataSource.java:55) [dynamic-datasource-spring-boot-starter-3.6.1.jar!/:3.6.1]
	at org.springframework.jdbc.datasource.DataSourceUtils.fetchConnection(DataSourceUtils.java:160) [spring-jdbc-5.3.31.jar!/:5.3.31]
	at org.springframework.jdbc.datasource.DataSourceUtils.doGetConnection(DataSourceUtils.java:118) [spring-jdbc-5.3.31.jar!/:5.3.31]
	at org.springframework.jdbc.datasource.DataSourceUtils.getConnection(DataSourceUtils.java:81) [spring-jdbc-5.3.31.jar!/:5.3.31]
	at org.mybatis.spring.transaction.SpringManagedTransaction.openConnection(SpringManagedTransaction.java:80) [mybatis-spring-2.1.2.jar!/:2.1.2]
	at org.mybatis.spring.transaction.SpringManagedTransaction.getConnection(SpringManagedTransaction.java:67) [mybatis-spring-2.1.2.jar!/:2.1.2]
	at org.apache.ibatis.executor.BaseExecutor.getConnection(BaseExecutor.java:348) [mybatis-3.5.15.jar!/:3.5.15]
	at org.apache.ibatis.executor.SimpleExecutor.prepareStatement(SimpleExecutor.java:89) [mybatis-3.5.15.jar!/:3.5.15]
	at org.apache.ibatis.executor.SimpleExecutor.doQuery(SimpleExecutor.java:64) [mybatis-3.5.15.jar!/:3.5.15]
	at org.apache.ibatis.executor.BaseExecutor.queryFromDatabase(BaseExecutor.java:336) [mybatis-3.5.15.jar!/:3.5.15]
	at org.apache.ibatis.executor.BaseExecutor.query(BaseExecutor.java:158) [mybatis-3.5.15.jar!/:3.5.15]
	at org.apache.ibatis.executor.CachingExecutor.query(CachingExecutor.java:110) [mybatis-3.5.15.jar!/:3.5.15]
	at com.baomidou.mybatisplus.extension.plugins.MybatisPlusInterceptor.intercept(MybatisPlusInterceptor.java:81) [mybatis-plus-extension-3.5.5.jar!/:3.5.5]
	at org.apache.ibatis.plugin.Plugin.invoke(Plugin.java:59) [mybatis-3.5.15.jar!/:3.5.15]
	at com.sun.proxy.$Proxy105.query(Unknown Source) [na:na]
	at org.apache.ibatis.session.defaults.DefaultSqlSession.selectList(DefaultSqlSession.java:154) [mybatis-3.5.15.jar!/:3.5.15]
	at org.apache.ibatis.session.defaults.DefaultSqlSession.selectList(DefaultSqlSession.java:147) [mybatis-3.5.15.jar!/:3.5.15]
	at org.apache.ibatis.session.defaults.DefaultSqlSession.selectList(DefaultSqlSession.java:142) [mybatis-3.5.15.jar!/:3.5.15]
	at sun.reflect.NativeMethodAccessorImpl.invoke0(Native Method) ~[na:1.8.0_144]
	at sun.reflect.NativeMethodAccessorImpl.invoke(Unknown Source) ~[na:1.8.0_144]
	at sun.reflect.DelegatingMethodAccessorImpl.invoke(Unknown Source) ~[na:1.8.0_144]
	at java.lang.reflect.Method.invoke(Unknown Source) ~[na:1.8.0_144]
	at org.mybatis.spring.SqlSessionTemplate$SqlSessionInterceptor.invoke(SqlSessionTemplate.java:425) [mybatis-spring-2.1.2.jar!/:2.1.2]
	at com.sun.proxy.$Proxy69.selectList(Unknown Source) [na:na]
	at org.mybatis.spring.SqlSessionTemplate.selectList(SqlSessionTemplate.java:224) [mybatis-spring-2.1.2.jar!/:2.1.2]
	at com.baomidou.mybatisplus.core.override.MybatisMapperMethod.executeForMany(MybatisMapperMethod.java:164) [mybatis-plus-core-3.5.5.jar!/:3.5.5]
	at com.baomidou.mybatisplus.core.override.MybatisMapperMethod.execute(MybatisMapperMethod.java:77) [mybatis-plus-core-3.5.5.jar!/:3.5.5]
	at com.baomidou.mybatisplus.core.override.MybatisMapperProxy$PlainMethodInvoker.invoke(MybatisMapperProxy.java:152) [mybatis-plus-core-3.5.5.jar!/:3.5.5]
	at com.baomidou.mybatisplus.core.override.MybatisMapperProxy.invoke(MybatisMapperProxy.java:89) [mybatis-plus-core-3.5.5.jar!/:3.5.5]
	at com.sun.proxy.$Proxy94.selectRecordList(Unknown Source) [na:na]
	at com.zing.doctor.module.sofa.service.impl.SofaServiceImpl.listByPatient(SofaServiceImpl.java:949) [classes!/:1.0.0]
	at com.zing.doctor.module.sofa.service.impl.SofaServiceImpl$$FastClassBySpringCGLIB$$55201874.invoke(<generated>) [classes!/:1.0.0]
	at org.springframework.cglib.proxy.MethodProxy.invoke(MethodProxy.java:218) [spring-core-5.3.31.jar!/:5.3.31]
	at org.springframework.aop.framework.CglibAopProxy.invokeMethod(CglibAopProxy.java:386) [spring-aop-5.3.31.jar!/:5.3.31]
	at org.springframework.aop.framework.CglibAopProxy.access$000(CglibAopProxy.java:85) [spring-aop-5.3.31.jar!/:5.3.31]
	at org.springframework.aop.framework.CglibAopProxy$DynamicAdvisedInterceptor.intercept(CglibAopProxy.java:703) [spring-aop-5.3.31.jar!/:5.3.31]
	at com.zing.doctor.module.sofa.service.impl.SofaServiceImpl$$EnhancerBySpringCGLIB$$8b2e5ffc.listByPatient(<generated>) [classes!/:1.0.0]
	at com.zing.doctor.module.sofa.controller.SofaController.records(SofaController.java:87) [classes!/:1.0.0]
	at sun.reflect.NativeMethodAccessorImpl.invoke0(Native Method) ~[na:1.8.0_144]
	at sun.reflect.NativeMethodAccessorImpl.invoke(Unknown Source) ~[na:1.8.0_144]
	at sun.reflect.DelegatingMethodAccessorImpl.invoke(Unknown Source) ~[na:1.8.0_144]
	at java.lang.reflect.Method.invoke(Unknown Source) ~[na:1.8.0_144]
	at org.springframework.web.method.support.InvocableHandlerMethod.doInvoke(InvocableHandlerMethod.java:205) [spring-web-5.3.31.jar!/:5.3.31]
	at org.springframework.web.method.support.InvocableHandlerMethod.invokeForRequest(InvocableHandlerMethod.java:150) [spring-web-5.3.31.jar!/:5.3.31]
	at org.springframework.web.servlet.mvc.method.annotation.ServletInvocableHandlerMethod.invokeAndHandle(ServletInvocableHandlerMethod.java:117) [spring-webmvc-5.3.31.jar!/:5.3.31]
	at org.springframework.web.servlet.mvc.method.annotation.RequestMappingHandlerAdapter.invokeHandlerMethod(RequestMappingHandlerAdapter.java:895) [spring-webmvc-5.3.31.jar!/:5.3.31]
	at org.springframework.web.servlet.mvc.method.annotation.RequestMappingHandlerAdapter.handleInternal(RequestMappingHandlerAdapter.java:808) [spring-webmvc-5.3.31.jar!/:5.3.31]
	at org.springframework.web.servlet.mvc.method.AbstractHandlerMethodAdapter.handle(AbstractHandlerMethodAdapter.java:87) [spring-webmvc-5.3.31.jar!/:5.3.31]
	at org.springframework.web.servlet.DispatcherServlet.doDispatch(DispatcherServlet.java:1072) [spring-webmvc-5.3.31.jar!/:5.3.31]
	at org.springframework.web.servlet.DispatcherServlet.doService(DispatcherServlet.java:965) [spring-webmvc-5.3.31.jar!/:5.3.31]
	at org.springframework.web.servlet.FrameworkServlet.processRequest(FrameworkServlet.java:1006) [spring-webmvc-5.3.31.jar!/:5.3.31]
	at org.springframework.web.servlet.FrameworkServlet.doGet(FrameworkServlet.java:898) [spring-webmvc-5.3.31.jar!/:5.3.31]
	at javax.servlet.http.HttpServlet.service(HttpServlet.java:529) [tomcat-embed-core-9.0.83.jar!/:na]
	at org.springframework.web.servlet.FrameworkServlet.service(FrameworkServlet.java:883) [spring-webmvc-5.3.31.jar!/:5.3.31]
	at javax.servlet.http.HttpServlet.service(HttpServlet.java:623) [tomcat-embed-core-9.0.83.jar!/:na]
	at org.apache.catalina.core.ApplicationFilterChain.internalDoFilter(ApplicationFilterChain.java:209) [tomcat-embed-core-9.0.83.jar!/:na]
	at org.apache.catalina.core.ApplicationFilterChain.doFilter(ApplicationFilterChain.java:153) [tomcat-embed-core-9.0.83.jar!/:na]
	at org.apache.tomcat.websocket.server.WsFilter.doFilter(WsFilter.java:51) [tomcat-embed-websocket-9.0.83.jar!/:na]
	at org.apache.catalina.core.ApplicationFilterChain.internalDoFilter(ApplicationFilterChain.java:178) [tomcat-embed-core-9.0.83.jar!/:na]
	at org.apache.catalina.core.ApplicationFilterChain.doFilter(ApplicationFilterChain.java:153) [tomcat-embed-core-9.0.83.jar!/:na]
	at org.springframework.web.filter.RequestContextFilter.doFilterInternal(RequestContextFilter.java:100) [spring-web-5.3.31.jar!/:5.3.31]
	at org.springframework.web.filter.OncePerRequestFilter.doFilter(OncePerRequestFilter.java:117) [spring-web-5.3.31.jar!/:5.3.31]
	at org.apache.catalina.core.ApplicationFilterChain.internalDoFilter(ApplicationFilterChain.java:178) [tomcat-embed-core-9.0.83.jar!/:na]
	at org.apache.catalina.core.ApplicationFilterChain.doFilter(ApplicationFilterChain.java:153) [tomcat-embed-core-9.0.83.jar!/:na]
	at org.springframework.web.filter.FormContentFilter.doFilterInternal(FormContentFilter.java:93) [spring-web-5.3.31.jar!/:5.3.31]
	at org.springframework.web.filter.OncePerRequestFilter.doFilter(OncePerRequestFilter.java:117) [spring-web-5.3.31.jar!/:5.3.31]
	at org.apache.catalina.core.ApplicationFilterChain.internalDoFilter(ApplicationFilterChain.java:178) [tomcat-embed-core-9.0.83.jar!/:na]
	at org.apache.catalina.core.ApplicationFilterChain.doFilter(ApplicationFilterChain.java:153) [tomcat-embed-core-9.0.83.jar!/:na]
	at org.springframework.web.filter.CharacterEncodingFilter.doFilterInternal(CharacterEncodingFilter.java:201) [spring-web-5.3.31.jar!/:5.3.31]
	at org.springframework.web.filter.OncePerRequestFilter.doFilter(OncePerRequestFilter.java:117) [spring-web-5.3.31.jar!/:5.3.31]
	at org.apache.catalina.core.ApplicationFilterChain.internalDoFilter(ApplicationFilterChain.java:178) [tomcat-embed-core-9.0.83.jar!/:na]
	at org.apache.catalina.core.ApplicationFilterChain.doFilter(ApplicationFilterChain.java:153) [tomcat-embed-core-9.0.83.jar!/:na]
	at org.apache.catalina.core.StandardWrapperValve.invoke(StandardWrapperValve.java:168) [tomcat-embed-core-9.0.83.jar!/:na]
	at org.apache.catalina.core.StandardContextValve.invoke(StandardContextValve.java:90) [tomcat-embed-core-9.0.83.jar!/:na]
	at org.apache.catalina.authenticator.AuthenticatorBase.invoke(AuthenticatorBase.java:481) [tomcat-embed-core-9.0.83.jar!/:na]
	at org.apache.catalina.core.StandardHostValve.invoke(StandardHostValve.java:130) [tomcat-embed-core-9.0.83.jar!/:na]
	at org.apache.catalina.valves.ErrorReportValve.invoke(ErrorReportValve.java:93) [tomcat-embed-core-9.0.83.jar!/:na]
	at org.apache.catalina.core.StandardEngineValve.invoke(StandardEngineValve.java:74) [tomcat-embed-core-9.0.83.jar!/:na]
	at org.apache.catalina.connector.CoyoteAdapter.service(CoyoteAdapter.java:342) [tomcat-embed-core-9.0.83.jar!/:na]
	at org.apache.coyote.http11.Http11Processor.service(Http11Processor.java:390) [tomcat-embed-core-9.0.83.jar!/:na]
	at org.apache.coyote.AbstractProcessorLight.process(AbstractProcessorLight.java:63) [tomcat-embed-core-9.0.83.jar!/:na]
	at org.apache.coyote.AbstractProtocol$ConnectionHandler.process(AbstractProtocol.java:928) [tomcat-embed-core-9.0.83.jar!/:na]
	at org.apache.tomcat.util.net.NioEndpoint$SocketProcessor.doRun(NioEndpoint.java:1794) [tomcat-embed-core-9.0.83.jar!/:na]
	at org.apache.tomcat.util.net.SocketProcessorBase.run(SocketProcessorBase.java:52) [tomcat-embed-core-9.0.83.jar!/:na]
	at org.apache.tomcat.util.threads.ThreadPoolExecutor.runWorker(ThreadPoolExecutor.java:1191) [tomcat-embed-core-9.0.83.jar!/:na]
	at org.apache.tomcat.util.threads.ThreadPoolExecutor$Worker.run(ThreadPoolExecutor.java:659) [tomcat-embed-core-9.0.83.jar!/:na]
	at org.apache.tomcat.util.threads.TaskThread$WrappingRunnable.run(TaskThread.java:61) [tomcat-embed-core-9.0.83.jar!/:na]
	at java.lang.Thread.run(Unknown Source) [na:1.8.0_144]
Caused by: java.net.SocketTimeoutException: Read timed out
	at java.net.SocketInputStream.socketRead0(Native Method) ~[na:1.8.0_144]
	at java.net.SocketInputStream.socketRead(Unknown Source) ~[na:1.8.0_144]
	at java.net.SocketInputStream.read(Unknown Source) ~[na:1.8.0_144]
	at java.net.SocketInputStream.read(Unknown Source) ~[na:1.8.0_144]
	at dm.jdbc.util.buffer.ByteArrayNode.load(SourceFile:129) ~[DmJdbcDriver18-8.1.3.140.jar!/:na]
	at dm.jdbc.util.buffer.Buffer.load(SourceFile:365) ~[DmJdbcDriver18-8.1.3.140.jar!/:na]
	at dm.jdbc.a.c.a(SourceFile:208) ~[DmJdbcDriver18-8.1.3.140.jar!/:na]
	at dm.jdbc.a.a.e(SourceFile:389) ~[DmJdbcDriver18-8.1.3.140.jar!/:na]
	at dm.jdbc.a.a.a(SourceFile:263) ~[DmJdbcDriver18-8.1.3.140.jar!/:na]
	... 103 common frames omitted

2026-09-12 13:09:03.115 ERROR 25700 --- [io-8081-exec-10] c.z.d.m.sofa.controller.SofaController   : SOFA 历史查询失败: inHospitalNo=NO20260901001

org.mybatis.spring.MyBatisSystemException: nested exception is org.apache.ibatis.exceptions.PersistenceException: 
### Error querying database.  Cause: org.springframework.jdbc.CannotGetJdbcConnectionException: Failed to obtain JDBC Connection; nested exception is dm.jdbc.driver.DMException: 网络通信异常
### The error may exist in com/zing/doctor/module/sofa/mapper/SofaScoreRecordMapper.java (best guess)
### The error may involve com.zing.doctor.module.sofa.mapper.SofaScoreRecordMapper.selectRecordList
### The error occurred while executing a query
### Cause: org.springframework.jdbc.CannotGetJdbcConnectionException: Failed to obtain JDBC Connection; nested exception is dm.jdbc.driver.DMException: 网络通信异常
	at org.mybatis.spring.MyBatisExceptionTranslator.translateExceptionIfPossible(MyBatisExceptionTranslator.java:97) ~[mybatis-spring-2.1.2.jar!/:2.1.2]
	at org.mybatis.spring.SqlSessionTemplate$SqlSessionInterceptor.invoke(SqlSessionTemplate.java:439) ~[mybatis-spring-2.1.2.jar!/:2.1.2]
	at com.sun.proxy.$Proxy69.selectList(Unknown Source) ~[na:na]
	at org.mybatis.spring.SqlSessionTemplate.selectList(SqlSessionTemplate.java:224) ~[mybatis-spring-2.1.2.jar!/:2.1.2]
	at com.baomidou.mybatisplus.core.override.MybatisMapperMethod.executeForMany(MybatisMapperMethod.java:164) ~[mybatis-plus-core-3.5.5.jar!/:3.5.5]
	at com.baomidou.mybatisplus.core.override.MybatisMapperMethod.execute(MybatisMapperMethod.java:77) ~[mybatis-plus-core-3.5.5.jar!/:3.5.5]
	at com.baomidou.mybatisplus.core.override.MybatisMapperProxy$PlainMethodInvoker.invoke(MybatisMapperProxy.java:152) ~[mybatis-plus-core-3.5.5.jar!/:3.5.5]
	at com.baomidou.mybatisplus.core.override.MybatisMapperProxy.invoke(MybatisMapperProxy.java:89) ~[mybatis-plus-core-3.5.5.jar!/:3.5.5]
	at com.sun.proxy.$Proxy94.selectRecordList(Unknown Source) ~[na:na]
	at com.zing.doctor.module.sofa.service.impl.SofaServiceImpl.listByPatient(SofaServiceImpl.java:949) ~[classes!/:1.0.0]
	at com.zing.doctor.module.sofa.service.impl.SofaServiceImpl$$FastClassBySpringCGLIB$$55201874.invoke(<generated>) ~[classes!/:1.0.0]
	at org.springframework.cglib.proxy.MethodProxy.invoke(MethodProxy.java:218) ~[spring-core-5.3.31.jar!/:5.3.31]
	at org.springframework.aop.framework.CglibAopProxy.invokeMethod(CglibAopProxy.java:386) ~[spring-aop-5.3.31.jar!/:5.3.31]
	at org.springframework.aop.framework.CglibAopProxy.access$000(CglibAopProxy.java:85) ~[spring-aop-5.3.31.jar!/:5.3.31]
	at org.springframework.aop.framework.CglibAopProxy$DynamicAdvisedInterceptor.intercept(CglibAopProxy.java:703) ~[spring-aop-5.3.31.jar!/:5.3.31]
	at com.zing.doctor.module.sofa.service.impl.SofaServiceImpl$$EnhancerBySpringCGLIB$$8b2e5ffc.listByPatient(<generated>) ~[classes!/:1.0.0]
	at com.zing.doctor.module.sofa.controller.SofaController.records(SofaController.java:87) ~[classes!/:1.0.0]
	at sun.reflect.NativeMethodAccessorImpl.invoke0(Native Method) ~[na:1.8.0_144]
	at sun.reflect.NativeMethodAccessorImpl.invoke(Unknown Source) ~[na:1.8.0_144]
	at sun.reflect.DelegatingMethodAccessorImpl.invoke(Unknown Source) ~[na:1.8.0_144]
	at java.lang.reflect.Method.invoke(Unknown Source) ~[na:1.8.0_144]
	at org.springframework.web.method.support.InvocableHandlerMethod.doInvoke(InvocableHandlerMethod.java:205) [spring-web-5.3.31.jar!/:5.3.31]
	at org.springframework.web.method.support.InvocableHandlerMethod.invokeForRequest(InvocableHandlerMethod.java:150) [spring-web-5.3.31.jar!/:5.3.31]
	at org.springframework.web.servlet.mvc.method.annotation.ServletInvocableHandlerMethod.invokeAndHandle(ServletInvocableHandlerMethod.java:117) [spring-webmvc-5.3.31.jar!/:5.3.31]
	at org.springframework.web.servlet.mvc.method.annotation.RequestMappingHandlerAdapter.invokeHandlerMethod(RequestMappingHandlerAdapter.java:895) [spring-webmvc-5.3.31.jar!/:5.3.31]
	at org.springframework.web.servlet.mvc.method.annotation.RequestMappingHandlerAdapter.handleInternal(RequestMappingHandlerAdapter.java:808) [spring-webmvc-5.3.31.jar!/:5.3.31]
	at org.springframework.web.servlet.mvc.method.AbstractHandlerMethodAdapter.handle(AbstractHandlerMethodAdapter.java:87) [spring-webmvc-5.3.31.jar!/:5.3.31]
	at org.springframework.web.servlet.DispatcherServlet.doDispatch(DispatcherServlet.java:1072) [spring-webmvc-5.3.31.jar!/:5.3.31]
	at org.springframework.web.servlet.DispatcherServlet.doService(DispatcherServlet.java:965) [spring-webmvc-5.3.31.jar!/:5.3.31]
	at org.springframework.web.servlet.FrameworkServlet.processRequest(FrameworkServlet.java:1006) [spring-webmvc-5.3.31.jar!/:5.3.31]
	at org.springframework.web.servlet.FrameworkServlet.doGet(FrameworkServlet.java:898) [spring-webmvc-5.3.31.jar!/:5.3.31]
	at javax.servlet.http.HttpServlet.service(HttpServlet.java:529) [tomcat-embed-core-9.0.83.jar!/:na]
	at org.springframework.web.servlet.FrameworkServlet.service(FrameworkServlet.java:883) [spring-webmvc-5.3.31.jar!/:5.3.31]
	at javax.servlet.http.HttpServlet.service(HttpServlet.java:623) [tomcat-embed-core-9.0.83.jar!/:na]
	at org.apache.catalina.core.ApplicationFilterChain.internalDoFilter(ApplicationFilterChain.java:209) [tomcat-embed-core-9.0.83.jar!/:na]
	at org.apache.catalina.core.ApplicationFilterChain.doFilter(ApplicationFilterChain.java:153) [tomcat-embed-core-9.0.83.jar!/:na]
	at org.apache.tomcat.websocket.server.WsFilter.doFilter(WsFilter.java:51) [tomcat-embed-websocket-9.0.83.jar!/:na]
	at org.apache.catalina.core.ApplicationFilterChain.internalDoFilter(ApplicationFilterChain.java:178) [tomcat-embed-core-9.0.83.jar!/:na]
	at org.apache.catalina.core.ApplicationFilterChain.doFilter(ApplicationFilterChain.java:153) [tomcat-embed-core-9.0.83.jar!/:na]
	at org.springframework.web.filter.RequestContextFilter.doFilterInternal(RequestContextFilter.java:100) [spring-web-5.3.31.jar!/:5.3.31]
	at org.springframework.web.filter.OncePerRequestFilter.doFilter(OncePerRequestFilter.java:117) [spring-web-5.3.31.jar!/:5.3.31]
	at org.apache.catalina.core.ApplicationFilterChain.internalDoFilter(ApplicationFilterChain.java:178) [tomcat-embed-core-9.0.83.jar!/:na]
	at org.apache.catalina.core.ApplicationFilterChain.doFilter(ApplicationFilterChain.java:153) [tomcat-embed-core-9.0.83.jar!/:na]
	at org.springframework.web.filter.FormContentFilter.doFilterInternal(FormContentFilter.java:93) [spring-web-5.3.31.jar!/:5.3.31]
	at org.springframework.web.filter.OncePerRequestFilter.doFilter(OncePerRequestFilter.java:117) [spring-web-5.3.31.jar!/:5.3.31]
	at org.apache.catalina.core.ApplicationFilterChain.internalDoFilter(ApplicationFilterChain.java:178) [tomcat-embed-core-9.0.83.jar!/:na]
	at org.apache.catalina.core.ApplicationFilterChain.doFilter(ApplicationFilterChain.java:153) [tomcat-embed-core-9.0.83.jar!/:na]
	at org.springframework.web.filter.CharacterEncodingFilter.doFilterInternal(CharacterEncodingFilter.java:201) [spring-web-5.3.31.jar!/:5.3.31]
	at org.springframework.web.filter.OncePerRequestFilter.doFilter(OncePerRequestFilter.java:117) [spring-web-5.3.31.jar!/:5.3.31]
	at org.apache.catalina.core.ApplicationFilterChain.internalDoFilter(ApplicationFilterChain.java:178) [tomcat-embed-core-9.0.83.jar!/:na]
	at org.apache.catalina.core.ApplicationFilterChain.doFilter(ApplicationFilterChain.java:153) [tomcat-embed-core-9.0.83.jar!/:na]
	at org.apache.catalina.core.StandardWrapperValve.invoke(StandardWrapperValve.java:168) [tomcat-embed-core-9.0.83.jar!/:na]
	at org.apache.catalina.core.StandardContextValve.invoke(StandardContextValve.java:90) [tomcat-embed-core-9.0.83.jar!/:na]
	at org.apache.catalina.authenticator.AuthenticatorBase.invoke(AuthenticatorBase.java:481) [tomcat-embed-core-9.0.83.jar!/:na]
	at org.apache.catalina.core.StandardHostValve.invoke(StandardHostValve.java:130) [tomcat-embed-core-9.0.83.jar!/:na]
	at org.apache.catalina.valves.ErrorReportValve.invoke(ErrorReportValve.java:93) [tomcat-embed-core-9.0.83.jar!/:na]
	at org.apache.catalina.core.StandardEngineValve.invoke(StandardEngineValve.java:74) [tomcat-embed-core-9.0.83.jar!/:na]
	at org.apache.catalina.connector.CoyoteAdapter.service(CoyoteAdapter.java:342) [tomcat-embed-core-9.0.83.jar!/:na]
	at org.apache.coyote.http11.Http11Processor.service(Http11Processor.java:390) [tomcat-embed-core-9.0.83.jar!/:na]
	at org.apache.coyote.AbstractProcessorLight.process(AbstractProcessorLight.java:63) [tomcat-embed-core-9.0.83.jar!/:na]
	at org.apache.coyote.AbstractProtocol$ConnectionHandler.process(AbstractProtocol.java:928) [tomcat-embed-core-9.0.83.jar!/:na]
	at org.apache.tomcat.util.net.NioEndpoint$SocketProcessor.doRun(NioEndpoint.java:1794) [tomcat-embed-core-9.0.83.jar!/:na]
	at org.apache.tomcat.util.net.SocketProcessorBase.run(SocketProcessorBase.java:52) [tomcat-embed-core-9.0.83.jar!/:na]
	at org.apache.tomcat.util.threads.ThreadPoolExecutor.runWorker(ThreadPoolExecutor.java:1191) [tomcat-embed-core-9.0.83.jar!/:na]
	at org.apache.tomcat.util.threads.ThreadPoolExecutor$Worker.run(ThreadPoolExecutor.java:659) [tomcat-embed-core-9.0.83.jar!/:na]
	at org.apache.tomcat.util.threads.TaskThread$WrappingRunnable.run(TaskThread.java:61) [tomcat-embed-core-9.0.83.jar!/:na]
	at java.lang.Thread.run(Unknown Source) [na:1.8.0_144]
Caused by: org.apache.ibatis.exceptions.PersistenceException: 
### Error querying database.  Cause: org.springframework.jdbc.CannotGetJdbcConnectionException: Failed to obtain JDBC Connection; nested exception is dm.jdbc.driver.DMException: 网络通信异常
### The error may exist in com/zing/doctor/module/sofa/mapper/SofaScoreRecordMapper.java (best guess)
### The error may involve com.zing.doctor.module.sofa.mapper.SofaScoreRecordMapper.selectRecordList
### The error occurred while executing a query
### Cause: org.springframework.jdbc.CannotGetJdbcConnectionException: Failed to obtain JDBC Connection; nested exception is dm.jdbc.driver.DMException: 网络通信异常
	at org.apache.ibatis.exceptions.ExceptionFactory.wrapException(ExceptionFactory.java:30) ~[mybatis-3.5.15.jar!/:3.5.15]
	at org.apache.ibatis.session.defaults.DefaultSqlSession.selectList(DefaultSqlSession.java:156) ~[mybatis-3.5.15.jar!/:3.5.15]
	at org.apache.ibatis.session.defaults.DefaultSqlSession.selectList(DefaultSqlSession.java:147) ~[mybatis-3.5.15.jar!/:3.5.15]
	at org.apache.ibatis.session.defaults.DefaultSqlSession.selectList(DefaultSqlSession.java:142) ~[mybatis-3.5.15.jar!/:3.5.15]
	at sun.reflect.NativeMethodAccessorImpl.invoke0(Native Method) ~[na:1.8.0_144]
	at sun.reflect.NativeMethodAccessorImpl.invoke(Unknown Source) ~[na:1.8.0_144]
	at sun.reflect.DelegatingMethodAccessorImpl.invoke(Unknown Source) ~[na:1.8.0_144]
	at java.lang.reflect.Method.invoke(Unknown Source) ~[na:1.8.0_144]
	at org.mybatis.spring.SqlSessionTemplate$SqlSessionInterceptor.invoke(SqlSessionTemplate.java:425) ~[mybatis-spring-2.1.2.jar!/:2.1.2]
	... 65 common frames omitted
Caused by: org.springframework.jdbc.CannotGetJdbcConnectionException: Failed to obtain JDBC Connection; nested exception is dm.jdbc.driver.DMException: 网络通信异常
	at org.springframework.jdbc.datasource.DataSourceUtils.getConnection(DataSourceUtils.java:84) ~[spring-jdbc-5.3.31.jar!/:5.3.31]
	at org.mybatis.spring.transaction.SpringManagedTransaction.openConnection(SpringManagedTransaction.java:80) ~[mybatis-spring-2.1.2.jar!/:2.1.2]
	at org.mybatis.spring.transaction.SpringManagedTransaction.getConnection(SpringManagedTransaction.java:67) ~[mybatis-spring-2.1.2.jar!/:2.1.2]
	at org.apache.ibatis.executor.BaseExecutor.getConnection(BaseExecutor.java:348) ~[mybatis-3.5.15.jar!/:3.5.15]
	at org.apache.ibatis.executor.SimpleExecutor.prepareStatement(SimpleExecutor.java:89) ~[mybatis-3.5.15.jar!/:3.5.15]
	at org.apache.ibatis.executor.SimpleExecutor.doQuery(SimpleExecutor.java:64) ~[mybatis-3.5.15.jar!/:3.5.15]
	at org.apache.ibatis.executor.BaseExecutor.queryFromDatabase(BaseExecutor.java:336) ~[mybatis-3.5.15.jar!/:3.5.15]
	at org.apache.ibatis.executor.BaseExecutor.query(BaseExecutor.java:158) ~[mybatis-3.5.15.jar!/:3.5.15]
	at org.apache.ibatis.executor.CachingExecutor.query(CachingExecutor.java:110) ~[mybatis-3.5.15.jar!/:3.5.15]
	at com.baomidou.mybatisplus.extension.plugins.MybatisPlusInterceptor.intercept(MybatisPlusInterceptor.java:81) ~[mybatis-plus-extension-3.5.5.jar!/:3.5.5]
	at org.apache.ibatis.plugin.Plugin.invoke(Plugin.java:59) ~[mybatis-3.5.15.jar!/:3.5.15]
	at com.sun.proxy.$Proxy105.query(Unknown Source) ~[na:na]
	at org.apache.ibatis.session.defaults.DefaultSqlSession.selectList(DefaultSqlSession.java:154) ~[mybatis-3.5.15.jar!/:3.5.15]
	... 72 common frames omitted
Caused by: dm.jdbc.driver.DMException: 网络通信异常
	at dm.jdbc.driver.DBError.throwException(SourceFile:801) ~[DmJdbcDriver18-8.1.3.140.jar!/:na]
	at dm.jdbc.a.a.a(SourceFile:274) ~[DmJdbcDriver18-8.1.3.140.jar!/:na]
	at dm.jdbc.a.a.e(SourceFile:655) ~[DmJdbcDriver18-8.1.3.140.jar!/:na]
	at dm.jdbc.driver.DmdbConnection.openConnection(SourceFile:691) ~[DmJdbcDriver18-8.1.3.140.jar!/:na]
	at dm.jdbc.internal.conf.EP.connect(SourceFile:143) ~[DmJdbcDriver18-8.1.3.140.jar!/:na]
	at dm.jdbc.internal.conf.EPGroup$EPSelector.select(SourceFile:485) ~[DmJdbcDriver18-8.1.3.140.jar!/:na]
	at dm.jdbc.internal.conf.EPGroup.connect(SourceFile:329) ~[DmJdbcDriver18-8.1.3.140.jar!/:na]
	at dm.jdbc.driver.DmDriver.do_connect(SourceFile:164) ~[DmJdbcDriver18-8.1.3.140.jar!/:na]
	at dm.jdbc.driver.DmDriver.connect(SourceFile:450) ~[DmJdbcDriver18-8.1.3.140.jar!/:na]
	at com.zaxxer.hikari.util.DriverDataSource.getConnection(DriverDataSource.java:138) ~[HikariCP-4.0.3.jar!/:na]
	at com.zaxxer.hikari.pool.PoolBase.newConnection(PoolBase.java:364) ~[HikariCP-4.0.3.jar!/:na]
	at com.zaxxer.hikari.pool.PoolBase.newPoolEntry(PoolBase.java:206) ~[HikariCP-4.0.3.jar!/:na]
	at com.zaxxer.hikari.pool.HikariPool.createPoolEntry(HikariPool.java:476) ~[HikariCP-4.0.3.jar!/:na]
	at com.zaxxer.hikari.pool.HikariPool.checkFailFast(HikariPool.java:561) ~[HikariCP-4.0.3.jar!/:na]
	at com.zaxxer.hikari.pool.HikariPool.<init>(HikariPool.java:115) ~[HikariCP-4.0.3.jar!/:na]
	at com.zaxxer.hikari.HikariDataSource.getConnection(HikariDataSource.java:112) ~[HikariCP-4.0.3.jar!/:na]
	at com.baomidou.dynamic.datasource.ds.ItemDataSource.getConnection(ItemDataSource.java:56) ~[dynamic-datasource-spring-boot-starter-3.6.1.jar!/:3.6.1]
	at com.baomidou.dynamic.datasource.ds.AbstractRoutingDataSource.getConnection(AbstractRoutingDataSource.java:55) ~[dynamic-datasource-spring-boot-starter-3.6.1.jar!/:3.6.1]
	at org.springframework.jdbc.datasource.DataSourceUtils.fetchConnection(DataSourceUtils.java:160) ~[spring-jdbc-5.3.31.jar!/:5.3.31]
	at org.springframework.jdbc.datasource.DataSourceUtils.doGetConnection(DataSourceUtils.java:118) ~[spring-jdbc-5.3.31.jar!/:5.3.31]
	at org.springframework.jdbc.datasource.DataSourceUtils.getConnection(DataSourceUtils.java:81) ~[spring-jdbc-5.3.31.jar!/:5.3.31]
	... 84 common frames omitted
Caused by: java.net.SocketTimeoutException: Read timed out
	at java.net.SocketInputStream.socketRead0(Native Method) ~[na:1.8.0_144]
	at java.net.SocketInputStream.socketRead(Unknown Source) ~[na:1.8.0_144]
	at java.net.SocketInputStream.read(Unknown Source) ~[na:1.8.0_144]
	at java.net.SocketInputStream.read(Unknown Source) ~[na:1.8.0_144]
	at dm.jdbc.util.buffer.ByteArrayNode.load(SourceFile:129) ~[DmJdbcDriver18-8.1.3.140.jar!/:na]
	at dm.jdbc.util.buffer.Buffer.load(SourceFile:365) ~[DmJdbcDriver18-8.1.3.140.jar!/:na]
	at dm.jdbc.a.c.a(SourceFile:208) ~[DmJdbcDriver18-8.1.3.140.jar!/:na]
	at dm.jdbc.a.a.e(SourceFile:389) ~[DmJdbcDriver18-8.1.3.140.jar!/:na]
	at dm.jdbc.a.a.a(SourceFile:263) ~[DmJdbcDriver18-8.1.3.140.jar!/:na]
	... 103 common frames omitted

